seqid,nev,lat,lon,depth,r,t,e1,e2,e3,e4,e5,e6,e7,e8,e9,e10,e11,e12,e13,e14,e15,e16,e17,e18,e19,e20,e21,e22,e23,e24,e25,e26,e27,e28,e29,e30,e31,e32,mag1,mag2,mag3,mag4,mag5,mag6,mag7,mag8,mag9,mag10,mag11,mag12,mag13,mag14,mag15,mag16,mag17,mag18,mag19,mag20,mag21,mag22,mag23,mag24,mag25,mag26,mag27,mag28,mag29,mag30,mag31,mag32
R0.0005.184.0,14,37.2569,-121.6389,6.764,166.509498340391,15.9156675414514,1984.32971011055,1984.34408107101,1984.37137996768,1984.40812817623,1984.52514446974,1984.64494743663,1984.733836255,1984.91514471862,1985.19523180968,1987.00464806,1988.21872053797,1989.13605521214,1990.41132968195,1992.03209779713,NA,NA,NA,NA,NA,NA,NA,NA,NA,NA,NA,NA,NA,NA,NA,NA,NA,NA,0.69,0.83,0.86,0.98,0.82,0.74,0.81,0.69,0.69,0.69,0.71,0.69,0.74,1.01,NA,NA,NA,NA,NA,NA,NA,NA,NA,NA,NA,NA,NA,NA,NA,NA,NA,NA
R0.0007.7791.0,21,36.5628,-121.1637,6.661,80.4296909118559,-1.89622388655274,1991.70403239092,1994.65356953133,1995.93058281361,1996.55159419494,1999.14969925641,2000.52657260897,2002.62041690671,2004.9388740823,2005.39146581367,2006.09996059488,2006.62465478279,2007.22844338787,2008.15705232146,2009.12850875856,2010.35732086029,2010.92998292586,2011.50539772546,2012.33823712084,2013.24267611999,2013.96379498985,2014.99383382927,NA,NA,NA,NA,NA,NA,NA,NA,NA,NA,NA,0.8,0.88,1,1,0.75,0.88,0.96,0.94,0.74,0.92,0.59,0.67,0.81,0.72,0.7,0.68,0.63,0.68,0.78,0.7,0.69,NA,NA,NA,NA,NA,NA,NA,NA,NA,NA,NA
R0.0009.7736.0,12,35.8168,-120.3569,4.827,-29.6353935967942,0.274201210881966,2000.40603634133,2004.76961122907,2004.79781573789,2004.86928934742,2004.98411431137,2005.1675087481,2005.36320846715,2005.83676208524,2006.43480126839,2007.5199624109,2009.5906185163,2012.57394940011,NA,NA,NA,NA,NA,NA,NA,NA,NA,NA,NA,NA,NA,NA,NA,NA,NA,NA,NA,NA,0.78,0.79,0.93,0.76,0.79,0.77,0.62,0.77,0.68,0.4,0.73,0.77,NA,NA,NA,NA,NA,NA,NA,NA,NA,NA,NA,NA,NA,NA,NA,NA,NA,NA,NA,NA
R0.0015.8936.0.C,16,35.8029,-120.3423,4.425,-31.6650455274754,0.29828515688126,1998.39288744641,2003.6209178894,2004.7721489128,2004.8922067449,2004.89271069906,2005.04869254978,2005.38488338058,2005.38499030473,2005.77296862919,2005.83371810851,2005.9533662389,2007.08641699994,2007.6633102448,2008.23476309072,2011.96407823947,2012.30407404498,NA,NA,NA,NA,NA,NA,NA,NA,NA,NA,NA,NA,NA,NA,NA,NA,1.33,1.13,0.76,0.76,0.91,0.91,0.85,0.84,0.83,0.84,0.84,0.5,0.6,1.03,0.82,0.79,NA,NA,NA,NA,NA,NA,NA,NA,NA,NA,NA,NA,NA,NA,NA,NA
R0.0027.6344.0,13,36.5792,-121.1774,5.018,82.6106429923284,-1.65235516889023,1993.90219225996,1994.13232451769,1995.83115445237,2004.26139510379,2005.62277407598,2008.26838437373,2008.26955694381,2009.51767336156,2011.65351995529,2012.26796713848,2012.26797358803,2014.59748283042,2014.59751538242,NA,NA,NA,NA,NA,NA,NA,NA,NA,NA,NA,NA,NA,NA,NA,NA,NA,NA,NA,0.8,0.43,1.02,0.9,0.88,0.72,1.22,0.72,1.08,0.71,0.72,0.73,0.72,NA,NA,NA,NA,NA,NA,NA,NA,NA,NA,NA,NA,NA,NA,NA,NA,NA,NA,NA
R0.0031.4042.0,13,36.4908,-121.0739,6.355,69.1335805011256,-0.93436999626168,1989.89150495339,1990.88183003361,1991.53245099347,1994.51780468576,1995.67635470225,2002.03884397831,2003.06248656551,2007.68674859874,2008.73473395251,2011.1196612779,2012.33011971356,2013.40922843354,2014.42342534754,NA,NA,NA,NA,NA,NA,NA,NA,NA,NA,NA,NA,NA,NA,NA,NA,NA,NA,NA,0.89,1.04,0.89,1.18,0.76,1,0.9,0.9,0.87,1.15,1,1.19,0.96,NA,NA,NA,NA,NA,NA,NA,NA,NA,NA,NA,NA,NA,NA,NA,NA,NA,NA,NA
R0.0082.10432.0.C,14,35.924,-120.4754,4.011,-13.6450372517798,-0.303765523921571,2005.35624604325,2005.79928826579,2006.12132038369,2007.61570460616,2007.61616151129,2008.36981843946,2008.9344867461,2008.93453774381,2010.60560448313,2011.98056242738,2011.98079857591,2013.04388740202,2013.72234050641,2014.6487875463,NA,NA,NA,NA,NA,NA,NA,NA,NA,NA,NA,NA,NA,NA,NA,NA,NA,NA,0.77,0.98,1.02,0.56,0.59,0.83,0.82,0.83,0.84,0.82,0.84,0.77,0.87,0.87,NA,NA,NA,NA,NA,NA,NA,NA,NA,NA,NA,NA,NA,NA,NA,NA,NA,NA
R0.0109.594.0.C,18,36.7039,-121.342,4.42,102.690025614327,-3.89163473980503,1984.56564985548,1990.23683428494,1990.24807005613,1995.86613945269,2001.51204818842,2002.31588711314,2002.56124994863,2003.27415781678,2003.8357589447,2005.57645859494,2009.16830493753,2009.1683306101,2009.18368882325,2009.43601852264,2013.31241315386,2013.31254803907,2014.50362851471,2014.62328835616,NA,NA,NA,NA,NA,NA,NA,NA,NA,NA,NA,NA,NA,NA,1.26,0.93,0.71,1.03,1.04,1.05,0.87,0.88,1.08,0.92,0.72,0.79,0.89,0.77,0.75,0.8,0.76,0.67,NA,NA,NA,NA,NA,NA,NA,NA,NA,NA,NA,NA,NA,NA
R0.0121.9990.0,12,35.7783,-120.3272,8.154,-34.6351665697687,-0.403331172156868,2004.76469934856,2004.89675471849,2004.93677829102,2004.94635574877,2005.42298412925,2005.69417464263,2006.70710715373,2007.22151124873,2008.66676921739,2010.69175106481,2014.27089156139,2014.32541845637,NA,NA,NA,NA,NA,NA,NA,NA,NA,NA,NA,NA,NA,NA,NA,NA,NA,NA,NA,NA,0.86,1.08,0.93,1.07,0.87,1.07,0.88,0.63,0.95,0.74,0.7,0.9,NA,NA,NA,NA,NA,NA,NA,NA,NA,NA,NA,NA,NA,NA,NA,NA,NA,NA,NA,NA
R0.0139.5938.0.C,22,36.5796,-121.1824,6.869,82.9342796219175,-1.96463635401139,1988.24484731583,1989.44115083143,1990.52782585173,1991.50719236492,1992.91226023199,1994.24013474442,1995.47293163527,1995.75174827626,1995.82586051053,1996.3663380085,1999.41557001364,2000.94316416559,2001.83514981799,2002.34343610445,2003.21377999588,2004.69393796707,2005.13505862919,2006.44155801306,2010.92726370212,2011.66999975552,2012.17115759304,2013.3203963632,NA,NA,NA,NA,NA,NA,NA,NA,NA,NA,0.88,1.05,0.86,1.01,0.86,0.83,1.01,1.01,1.07,1.04,1,0.88,0.86,0.78,1.01,0.98,1.01,0.93,0.91,0.86,0.7,0.87,NA,NA,NA,NA,NA,NA,NA,NA,NA,NA
R0.0601.8994.0.C,13,36.6116,-121.2216,5.87,87.9118988883832,-2.33688451245433,1986.42799775907,1987.79755832065,1993.94257939751,1995.31669261289,1996.96078474973,2002.00164191495,2003.78628438483,2004.89792266242,2007.16231899258,2011.24722681792,2012.88412744194,2013.68880129122,2014.72982395326,NA,NA,NA,NA,NA,NA,NA,NA,NA,NA,NA,NA,NA,NA,NA,NA,NA,NA,NA,1.38,1.5,0.91,1.35,1.66,0.78,1.01,1.4,0.55,1.13,1.52,0.72,0.71,NA,NA,NA,NA,NA,NA,NA,NA,NA,NA,NA,NA,NA,NA,NA,NA,NA,NA,NA
R0.0643.8166.0.CC,13,36.5826,-121.1803,3.655,83.066230218675,-1.60580856663273,1984.40506374532,1989.38516258086,1993.97062152746,1995.33162174372,2001.49695036974,2002.6191109551,2005.30494147958,2010.6709176335,2011.61100183536,2012.71343648079,2012.71425299693,2013.32477319952,2013.94257295123,NA,NA,NA,NA,NA,NA,NA,NA,NA,NA,NA,NA,NA,NA,NA,NA,NA,NA,NA,1.17,1.03,1.12,1.36,0.85,1.17,0.85,0.9,0.96,0.73,1.12,0.76,0.73,NA,NA,NA,NA,NA,NA,NA,NA,NA,NA,NA,NA,NA,NA,NA,NA,NA,NA,NA
R0.0645.8156.0.CC,26,36.5669,-121.1599,3.396,80.5561834728969,-1.34237029437121,1986.01708066369,1986.95167671994,1988.08906832498,1989.37384713439,1990.39926626364,1991.25846160895,1994.20193560153,1995.27799082604,1996.22379510126,1998.50870904268,2000.77091026772,2001.45025847634,2002.31173143201,2002.77141610984,2003.80924163242,2004.90222647048,2005.83638800894,2007.00252890126,2008.21618329918,2009.11777268962,2010.25338185946,2011.19154936929,2011.59283764047,2012.57536103585,2012.94880248716,2013.66736734494,NA,NA,NA,NA,NA,NA,0.9,1,1.04,1.09,0.95,0.87,0.87,1.14,1.19,1.21,1,0.74,0.7,0.96,1.18,0.92,0.94,0.95,1.11,1.16,1.08,0.91,0.96,1,0.81,0.97,NA,NA,NA,NA,NA,NA
R0.0873.3056.0.C,14,36.5684,-121.1611,3.186,80.752591596454,-1.31647034059571,1987.74933778349,1989.06778994609,1989.63533019375,2000.71855538036,2006.62742405537,2008.41470946513,2010.49639039162,2011.0999473627,2011.16318732338,2012.0087647892,2012.30160074504,2012.79887267222,2013.5449689688,2014.81373754281,NA,NA,NA,NA,NA,NA,NA,NA,NA,NA,NA,NA,NA,NA,NA,NA,NA,NA,0.91,1.04,1.12,1.21,1.26,0.85,1.33,1.15,1.35,1.24,1.3,1.1,1.15,1.07,NA,NA,NA,NA,NA,NA,NA,NA,NA,NA,NA,NA,NA,NA,NA,NA,NA,NA
R1.0018.4666.0,27,35.8638,-120.4063,4.208,-22.7716704730722,0.194030292268906,1990.57670529173,1993.42074757864,1995.48766021468,1997.50308598649,1999.48220978628,2003.30762454274,2004.41311433541,2004.74262124349,2004.74336053209,2004.75138592865,2004.7598527958,2004.77958993815,2004.7982004696,2004.85791516267,2004.88069866329,2004.95498818844,2005.00657826833,2005.09425993436,2005.27199537132,2005.46604671391,2005.65276567066,2005.86183587234,2006.28739791318,2007.24990182522,2008.54261783008,2009.2820395735,2011.69701589073,NA,NA,NA,NA,NA,0.91,1.34,1.42,1.63,1.29,1.28,1.28,1.39,1.41,1.36,1.4,1.43,1.31,1.48,1.38,1.44,1.12,1.42,1.46,1.42,1.24,1.25,1.41,1.21,1.41,1.06,1.32,NA,NA,NA,NA,NA
R1.0033.106.0,25,37.1575,-121.5505,5.167,153.026559227072,14.6930952827328,1984.3150571462,1984.31858743138,1984.3256095894,1984.33867751657,1984.3616369213,1984.4037727965,1984.45057988135,1984.53613122533,1984.67310679487,1984.89310708928,1985.80432391013,1986.45416716451,1987.0502822089,1987.10937702086,1987.38409711092,1988.50704635543,1990.01840823123,1991.72176179541,1993.92243300197,1996.32935632115,1999.79241523053,2002.19312476566,2005.33301102328,2009.1066814688,2012.76824394986,NA,NA,NA,NA,NA,NA,NA,1.75,1.55,1.45,1.6,1.54,1.51,1.47,1.52,1.54,1.57,1.54,1.61,1.61,1.47,1.33,1.57,1.58,1.61,1.58,1.58,1.72,1.76,1.6,1.52,1.51,NA,NA,NA,NA,NA,NA,NA
R1.0056.1322.0,22,36.5521,-121.1412,3.741,78.2206095298032,-1.12950117124809,1985.34213079655,1987.06424650463,1988.51173871275,1989.98872485953,1991.05757052829,1993.92286089612,1995.29918801972,1996.30755861636,1997.35948105847,1998.47271298738,1999.49851988267,2000.78849159014,2001.59761501712,2002.79854613426,2004.00555963241,2005.14138422882,2005.96815995244,2006.71152641331,2007.77335655441,2008.75587417558,2009.59707915906,2010.63172386511,NA,NA,NA,NA,NA,NA,NA,NA,NA,NA,1.89,1.77,1.76,1.79,1.53,1.72,1.84,1.82,1.82,1.66,1.74,1.8,1.32,1.74,1.85,1.67,1.6,1.59,1.79,1.75,1.51,1.69,NA,NA,NA,NA,NA,NA,NA,NA,NA,NA
R1.0064.2407.0.C,28,36.5611,-121.1519,2.644,79.6019852817712,-1.21320162024944,1986.68410702626,1987.55733938324,1988.5753174446,1989.55657788147,1989.95367654649,1990.71624291001,1991.28534354737,1993.27695716832,1994.2492429135,1996.05374384455,1996.70218558237,1997.21914669901,1998.42254544521,1999.52566890348,2000.66631534419,2001.49812054985,2002.29935299658,2003.32846385845,2004.3636855713,2006.94263436929,2007.70022962519,2007.91823190766,2009.67054763477,2010.85162079243,2011.74574879471,2012.77543473266,2012.8678708716,2013.84507398338,NA,NA,NA,NA,1.46,1.64,1.65,1.55,1.56,1.54,1.73,1.47,1.63,1.79,1.53,1.41,1.67,1.67,1.6,1.55,1.67,1.59,1.67,1.7,1.68,1.48,1.52,1.55,1.65,1.65,1.44,1.35,NA,NA,NA,NA
R1.0068.1118.0,24,36.5419,-121.1355,7.847,77.027446535971,-1.47307956687435,1985.10333764682,1986.74782076769,1987.8641751744,1989.04010176211,1990.2279444714,1991.09730982433,1993.33260534151,1994.66204505739,1995.6410190541,1996.49586191908,1997.49219138921,1998.16807160483,1999.17042544679,2000.60389927362,2002.29826609589,2003.64546766331,2004.80471188303,2005.79808630708,2006.19457779458,2007.1103113445,2008.88347676679,2010.23501307965,2011.20043413623,2014.94747604325,NA,NA,NA,NA,NA,NA,NA,NA,1.36,1.59,1.51,1.68,1.54,1.46,1.5,1.72,1.34,1.59,1.5,1.4,1.38,1.23,1.39,1.74,1.27,1.57,1.02,1.58,1.42,1.59,1.32,1.42,NA,NA,NA,NA,NA,NA,NA,NA
R1.0076.3638.0,21,35.8584,-120.4034,4.925,-23.3993479648998,0.0106136612111882,1989.14438551782,1991.64561917111,1995.28200198059,1998.90571141362,2003.17231243785,2004.74380598152,2004.74744081537,2004.75926180366,2004.77653859637,2004.82255575194,2004.89011123096,2004.95946632134,2005.12143051306,2005.28257584697,2005.39538347191,2005.99808369895,2006.82985327404,2007.85257038052,2009.16790999112,2011.93311854864,2014.35408490107,NA,NA,NA,NA,NA,NA,NA,NA,NA,NA,NA,1.36,1.09,1.39,1.46,1.51,1.55,1.5,1.64,1.49,1.58,1.29,1.26,1.41,1.25,1.15,1.37,1.28,1.14,1.2,1.26,1.26,NA,NA,NA,NA,NA,NA,NA,NA,NA,NA,NA
R1.0080.180.0,20,37.2806,-121.6587,5.488,169.649311928233,16.2961509766968,1984.31895732234,1984.33195220192,1984.36512944305,1984.43288311197,1984.54402944938,1984.73534125525,1985.02271745719,1985.50165444222,1986.25468629122,1987.0596175463,1988.15469750304,1989.50807478215,1990.78876097032,1992.5169029536,1994.7771193268,1997.28903914923,2000.20589013547,2003.96083620148,2008.19354260081,2011.831611556,NA,NA,NA,NA,NA,NA,NA,NA,NA,NA,NA,NA,1.95,2.03,1.86,1.81,1.79,1.78,1.8,1.85,1.82,1.82,1.69,1.8,1.85,1.74,1.76,1.83,1.83,1.84,1.72,1.73,NA,NA,NA,NA,NA,NA,NA,NA,NA,NA,NA,NA
R1.0084.6069.0,17,35.826,-120.374,6.646,-27.8611830508358,-0.257157591298645,1993.30982217212,1997.5096654024,2003.68987780949,2004.74298344148,2004.74366263566,2004.7513418368,2004.76862702262,2004.79822731197,2004.86639198606,2005.01626954655,2005.45495506881,2005.86245727993,2006.29010403792,2006.87948886701,2007.66446407629,2008.33804202021,2009.2406513613,NA,NA,NA,NA,NA,NA,NA,NA,NA,NA,NA,NA,NA,NA,NA,1.1,1.26,1.03,1.09,1.12,1.43,1.34,1.03,1.24,1.25,1.26,0.88,0.79,0.86,0.56,0.7,0.91,NA,NA,NA,NA,NA,NA,NA,NA,NA,NA,NA,NA,NA,NA,NA
R1.0088.3208.0,20,36.663,-121.2841,4.001,95.8786217401771,-2.89658945988997,1988.19609665617,1989.17233080353,1990.77916102137,1991.75855735414,1991.75925589295,1993.87924963534,1994.86883562944,1996.20019959111,1997.73913633435,1999.37389919616,2002.83737861714,2004.74517540446,2006.84433885559,2006.84434128742,2007.6335485014,2008.58013377985,2009.00023173357,2009.48178421518,2013.16417508562,2014.14146544267,NA,NA,NA,NA,NA,NA,NA,NA,NA,NA,NA,NA,1.19,1.27,1.33,1.26,1.3,1.3,1.43,1.29,1.3,1.28,1.08,1.48,1.55,1.66,1.09,0.89,1.4,1.26,1.26,1.47,NA,NA,NA,NA,NA,NA,NA,NA,NA,NA,NA,NA
R1.0105.3784.3.1,18,35.8626,-120.4074,4.934,-22.8100722990711,0.0323960701135757,1989.47637156615,1993.31012381659,1996.96783068995,2000.2014536841,2003.38096206875,2004.74277237591,2004.7445394951,2004.75030861826,2004.76425935444,2004.78511427121,2004.81724799636,2004.96608233847,2005.16564632293,2005.6569367767,2006.7587884643,2008.41654158034,2011.26120352645,2014.95876987919,NA,NA,NA,NA,NA,NA,NA,NA,NA,NA,NA,NA,NA,NA,1.13,1.24,1.38,1.28,1.25,1.41,1.36,1.43,1.3,1.3,1.32,1.26,1.36,1.43,1.48,1.42,1.27,1.19,NA,NA,NA,NA,NA,NA,NA,NA,NA,NA,NA,NA,NA,NA
R1.0107.3425.0,17,37.2484,-121.6356,3.521,165.602943003357,15.5234702366764,1985.84691202689,1986.92691218671,1987.66154401097,1988.62921097735,1990.0367600631,1991.01381856038,1991.83220127473,1992.75913650767,1993.86876393645,1996.20975211812,1998.80683465975,2001.27141590817,2002.6991770475,2004.64350040541,2006.44979079306,2008.35863744086,2009.64794712329,NA,NA,NA,NA,NA,NA,NA,NA,NA,NA,NA,NA,NA,NA,NA,1.63,1.5,1.54,1.24,1.48,1.48,1.3,1.49,1.47,1.56,1.39,1.54,1.58,1.57,1.45,1.34,1.21,NA,NA,NA,NA,NA,NA,NA,NA,NA,NA,NA,NA,NA,NA,NA
R1.0119.434.0,21,36.5501,-121.1436,6.125,78.1905355133661,-1.43697205125623,1984.44350115456,1986.04651454401,1987.61674137335,1988.6678763598,1990.46820405568,1991.54825343639,1994.0850727207,1995.05843318937,1996.97127807567,1999.27178301624,2000.26658090215,2001.95818165208,2003.72120325438,2005.07666699645,2006.76177519089,2007.91765635306,2008.92082100663,2010.53097247463,2011.85147023116,2012.52277810824,2014.29308536054,NA,NA,NA,NA,NA,NA,NA,NA,NA,NA,NA,1.61,1.72,1.76,1.62,1.82,1.6,1.62,1.62,1.67,1.64,1.75,1.68,1.85,1.63,1.71,1.71,1.63,1.67,1.67,1.63,1.67,NA,NA,NA,NA,NA,NA,NA,NA,NA,NA,NA
R1.0123.44.0,20,36.4881,-121.0672,5.76,68.5167754317098,-0.670203417605777,1984.25368946949,1989.90344253488,1990.53000108511,1991.93541509037,1993.13779644945,1993.88882616597,1996.31057338026,1997.89425645516,2000.2699661471,2001.14629213756,2003.34365456494,2004.70099619763,2005.79060844939,2007.50869050926,2008.35431444103,2009.07495218544,2009.96902482306,2011.18865003298,2013.1107099537,2014.82824007071,NA,NA,NA,NA,NA,NA,NA,NA,NA,NA,NA,NA,1.17,1,1.26,1.25,1.14,1.18,1.29,1.32,1.24,1.22,1.18,1.01,1.24,0.99,1.14,1.14,1.11,1.21,1.28,0.93,NA,NA,NA,NA,NA,NA,NA,NA,NA,NA,NA,NA
R1.0126.5304.0,15,36.4138,-120.9932,5.847,57.9374727456874,-0.937778811080644,1991.59458658454,1993.2764355137,1995.92763466863,1995.92778924658,1996.76177962647,1999.23078920726,2002.55550074772,2004.58879333384,2004.59220260543,2005.29891407915,2007.75737895294,2008.42533500778,2009.01539438864,2011.69056460141,2013.27410378108,NA,NA,NA,NA,NA,NA,NA,NA,NA,NA,NA,NA,NA,NA,NA,NA,NA,1.24,1.25,1.43,1.5,1.36,1.18,1.11,1.38,1.42,1.19,1.34,1.32,0.98,1.24,1.4,NA,NA,NA,NA,NA,NA,NA,NA,NA,NA,NA,NA,NA,NA,NA,NA,NA
R1.0127.3470.0.C,19,36.8643,-121.5972,6.997,131.023945021599,-9.63897240464006,1988.7485942136,1989.85773700755,1990.3333554081,1990.33336873193,1992.14976843788,1992.1497747603,1993.99627111048,1993.99630303368,1995.88268719749,1995.88268892853,1998.45032325438,2001.10524138762,2001.10524621797,2003.00585696284,2004.72510141767,2007.51977113616,2007.51985633815,2009.06469651573,2014.58385879883,NA,NA,NA,NA,NA,NA,NA,NA,NA,NA,NA,NA,NA,1.57,1.68,1.64,1.42,1.6,1.56,1.56,1.43,1.54,1.54,1.52,1.68,1.52,1.13,1.81,1.64,1.34,1.51,1.47,NA,NA,NA,NA,NA,NA,NA,NA,NA,NA,NA,NA,NA
R1.0158.1560.3,13,36.0122,-120.5677,4.495,-0.79628730945911,-0.397478811114771,1985.7111550964,1987.06053923516,1988.52097827869,1990.00792959348,1991.0249088112,1991.83591170916,1993.05607380644,1994.89638539606,1996.24448337666,1998.34489870529,2000.51961460357,2002.02190611682,2003.11259903,NA,NA,NA,NA,NA,NA,NA,NA,NA,NA,NA,NA,NA,NA,NA,NA,NA,NA,NA,1.4,1.38,1.35,1.29,1.27,1.27,1.25,1.35,1.33,1.47,1.55,1.41,1.47,NA,NA,NA,NA,NA,NA,NA,NA,NA,NA,NA,NA,NA,NA,NA,NA,NA,NA,NA
R1.0167.5.0.CC.1,17,36.6727,-121.2959,4.097,97.3821487119792,-3.00167251680544,1984.17053729287,1986.56312795662,1989.37801030251,1990.73609141521,1991.92755415113,1993.8405083698,1996.2067723114,1997.7944529896,2000.01804617771,2001.41938335394,2003.70954595351,2005.03694942447,2005.97305651605,2007.37352284278,2009.14216794964,2010.39581366755,2013.4451818658,NA,NA,NA,NA,NA,NA,NA,NA,NA,NA,NA,NA,NA,NA,NA,2.02,1.92,1.99,1.93,1.95,2,1.93,1.94,1.92,1.78,1.92,1.65,1.87,1.81,2.01,1.77,1.97,NA,NA,NA,NA,NA,NA,NA,NA,NA,NA,NA,NA,NA,NA,NA
R1.0175.2896.0,16,36.509,-121.0911,4.469,71.6706332390812,-0.803324585145312,1987.40212911625,1990.79229763508,1992.20956512535,1993.11688215246,1995.27030585014,1996.4563721868,1997.55063059868,1998.77388379439,1999.60487897577,2001.16713407978,2002.77550132642,2005.45361453545,2006.76020786466,2008.20708030194,2009.27572920979,2010.5125461146,NA,NA,NA,NA,NA,NA,NA,NA,NA,NA,NA,NA,NA,NA,NA,NA,1.55,1.55,1.54,1.33,1.4,1.49,1.55,1.43,1.26,1.58,1.47,1.45,1.54,1.54,1.24,1.34,NA,NA,NA,NA,NA,NA,NA,NA,NA,NA,NA,NA,NA,NA,NA,NA
R1.0176.2807.0,14,36.0096,-120.5654,5.164,-1.15057772993735,-0.424060455989949,1987.2356514466,1988.65728036708,1990.01103735667,1991.1395863353,1991.76214301402,1992.84603127846,1993.85791467275,1994.63816442193,1995.42676481069,1996.43571420164,1997.02788423516,2001.39136296867,2002.18754403571,2003.12035227074,NA,NA,NA,NA,NA,NA,NA,NA,NA,NA,NA,NA,NA,NA,NA,NA,NA,NA,0.97,1.22,1.08,1.09,0.77,0.97,0.97,1.05,1.11,1.18,1.11,1.1,1.17,1.15,NA,NA,NA,NA,NA,NA,NA,NA,NA,NA,NA,NA,NA,NA,NA,NA,NA,NA
R1.0177.2768.0,15,35.8807,-120.4294,9.527,-19.994790420647,-0.203106668442171,1987.14200684456,1990.60262008435,1993.45719978881,1995.93647797216,1997.85616863775,2000.66496207151,2004.75365583827,2004.80929294962,2004.93469253377,2005.17333899924,2005.57940296899,2006.23998125888,2007.45338819413,2009.61859864314,2012.58183328274,NA,NA,NA,NA,NA,NA,NA,NA,NA,NA,NA,NA,NA,NA,NA,NA,NA,1.66,1.65,1.68,1.74,1.4,1.46,1.91,2.12,2.2,2.16,2.08,2.05,1.97,1.68,1.57,NA,NA,NA,NA,NA,NA,NA,NA,NA,NA,NA,NA,NA,NA,NA,NA,NA
R1.0179.2410.0,17,36.6207,-121.2262,4.229,88.9477304524468,-1.99602462772851,1986.42562131691,1986.68956251046,1988.18235777898,1990.79810215468,1993.1006511184,1995.01826280568,1995.43602680048,1996.70998713096,1998.57412803082,2000.34156791705,2002.02547506405,2002.80880506691,2005.05042240043,2006.24545091768,2010.61255638318,2011.44405867802,2014.298544746,NA,NA,NA,NA,NA,NA,NA,NA,NA,NA,NA,NA,NA,NA,NA,1.88,1.76,1.71,1.83,1.79,1.9,1.86,1.82,1.79,1.88,1.85,1.87,1.89,1.78,1.74,1.81,1.77,NA,NA,NA,NA,NA,NA,NA,NA,NA,NA,NA,NA,NA,NA,NA
R1.0182.1820.0,14,36.0862,-120.6473,2.974,10.1045734644084,-0.610155159650487,1986.03066861587,1987.42692732179,1988.88567977889,1990.49256421582,1991.89349919552,1993.15502612855,1994.56759587265,1997.09055762811,1998.22055609209,1999.60990245687,2000.93714508798,2003.86493131247,2005.02870055524,2005.93509921899,NA,NA,NA,NA,NA,NA,NA,NA,NA,NA,NA,NA,NA,NA,NA,NA,NA,NA,1.58,1.66,1.74,1.77,1.5,1.56,1.67,1.48,1.55,1.93,1.76,1.88,1.8,1.81,NA,NA,NA,NA,NA,NA,NA,NA,NA,NA,NA,NA,NA,NA,NA,NA,NA,NA
R1.0184.1482.0.C,19,36.5468,-121.1366,4.699,77.5056932527592,-1.19621772862212,1984.37419914934,1985.61718050101,1987.97108395802,1989.95695693493,1990.9024664577,1992.01548790984,1993.47690923928,1994.61285250824,1995.81949040208,1996.83434370699,1999.40003414479,2001.00683125507,2003.30195190481,2005.07993853723,2007.64550096937,2009.05187504566,2010.81450427004,2011.9495443287,2014.20626223047,NA,NA,NA,NA,NA,NA,NA,NA,NA,NA,NA,NA,NA,1.49,1.6,1.42,1.53,1.42,1.6,1.5,1.8,1.59,1.7,1.41,1.69,1.71,1.55,1.68,1.59,1.62,1.41,1.43,NA,NA,NA,NA,NA,NA,NA,NA,NA,NA,NA,NA,NA
R1.0186.599.0,16,36.5796,-121.1812,6.762,82.8647230075754,-1.88279132404844,1984.56739988458,1985.83000431982,1986.91310560217,1988.44176084105,1990.0402129135,1994.47871924721,1995.31841140189,1995.80981123002,2000.6171214152,2002.92311661783,2004.71595064764,2005.86757547057,2007.48957299372,2009.78883179858,2011.70261629281,2013.2368669492,NA,NA,NA,NA,NA,NA,NA,NA,NA,NA,NA,NA,NA,NA,NA,NA,1.91,1.76,1.63,1.9,1.8,1.84,1.75,1.94,1.92,1.87,2.02,1.76,1.86,1.82,1.91,1.78,NA,NA,NA,NA,NA,NA,NA,NA,NA,NA,NA,NA,NA,NA,NA,NA
R1.0194.179.0,21,36.508,-121.0906,4.667,71.557033406252,-0.840950588195589,1984.32703633532,1985.7196270326,1989.0594878951,1990.71411700628,1992.37624302583,1994.18797217307,1995.63126567447,1997.19956408739,1998.8232113502,1999.69727345573,1999.96489217339,1999.96539039066,2001.33998837551,2002.82168449772,2004.31559704292,2006.46243812056,2007.54543122907,2009.5603694343,2011.26695301211,2012.65326266065,2014.34722658073,NA,NA,NA,NA,NA,NA,NA,NA,NA,NA,NA,1.62,1.94,1.88,1.89,1.89,1.91,1.88,1.92,1.88,1.26,1.74,1.37,1.9,2.01,1.9,1.92,1.74,1.86,1.98,1.72,1.57,NA,NA,NA,NA,NA,NA,NA,NA,NA,NA,NA
R1.0196.78.0.C,22,36.5387,-121.129,6.143,76.3800201164591,-1.25917106534311,1984.30158191219,1984.30159267829,1986.01450353913,1988.59067852883,1988.59068005022,1990.74681165715,1992.24485201028,1993.28982471525,1995.40774921677,1995.40775364187,1996.17535592713,1999.34670583777,1999.34671818969,2000.02620466125,2002.12873114853,2004.72584006464,2004.72584136909,2006.111706569,2008.65028094484,2008.65028902898,2011.7652010274,2013.80376219939,NA,NA,NA,NA,NA,NA,NA,NA,NA,NA,1.84,1.35,1.79,1.73,1.39,1.76,1.87,1.65,1.8,1.62,1.32,1.74,1.25,1.33,1.87,1.95,1.73,1.95,1.82,1.57,1.87,1.81,NA,NA,NA,NA,NA,NA,NA,NA,NA,NA
R1.0203.5255.0,13,36.0006,-120.5601,3.537,-2.2227660147399,-0.699826954864872,1991.49568313578,1991.49575472444,1992.36892694957,1993.81254135813,1994.50472787925,1994.75752072901,1995.53318682395,1996.5236432181,1998.43395151668,1998.90564485953,2000.36472299066,2001.44004425419,2002.42150877315,NA,NA,NA,NA,NA,NA,NA,NA,NA,NA,NA,NA,NA,NA,NA,NA,NA,NA,NA,0.96,1.25,1.25,1.26,1.16,1.19,1.26,1.5,1.26,1.2,1.33,1.49,1.39,NA,NA,NA,NA,NA,NA,NA,NA,NA,NA,NA,NA,NA,NA,NA,NA,NA,NA,NA
R1.0212.2187.0,13,36.6314,-121.2397,4.102,90.6346192163796,-2.14634851221152,1986.42822970764,1986.58209932839,1990.90354790557,1995.44454305714,1997.59266542555,1998.74661856418,2001.99542137811,2002.08916604896,2002.32965871861,2003.02053957953,2004.38451520757,2005.28382995783,2006.23416088661,NA,NA,NA,NA,NA,NA,NA,NA,NA,NA,NA,NA,NA,NA,NA,NA,NA,NA,NA,1.32,1.39,1.39,1.33,1.3,1.09,1.3,1.02,1.38,1.09,1.09,0.89,0.91,NA,NA,NA,NA,NA,NA,NA,NA,NA,NA,NA,NA,NA,NA,NA,NA,NA,NA,NA
R1.0213.2161.0,14,36.6306,-121.2392,4.425,90.5380244486419,-2.16982136194989,1986.41866918981,1986.72863245878,1989.16432327657,1990.40956684329,1995.17670168886,1999.79445130391,2001.70819368975,2002.00943623636,2002.11176034088,2003.22910800101,2004.58812175831,2006.00976107908,2008.23839209832,2014.53290245497,NA,NA,NA,NA,NA,NA,NA,NA,NA,NA,NA,NA,NA,NA,NA,NA,NA,NA,1.86,1.83,1.89,1.71,1.86,1.79,1.76,1.8,1.77,1.86,1.74,1.74,1.64,1.67,NA,NA,NA,NA,NA,NA,NA,NA,NA,NA,NA,NA,NA,NA,NA,NA,NA,NA
R1.0214.1928.0,15,36.5986,-121.2023,1.526,85.6942012448825,-1.95594852762581,1986.10105824708,1988.17984784298,1989.86249488521,1991.37809298389,1993.83343095034,1995.61996309392,1996.92718477187,1998.49331506183,2000.76905930669,2002.69729126078,2005.21298101471,2006.97536389238,2008.6397779672,2011.53131022387,2014.03511299214,NA,NA,NA,NA,NA,NA,NA,NA,NA,NA,NA,NA,NA,NA,NA,NA,NA,1.63,1.56,1.61,1.56,1.57,1.77,1.58,1.55,1.7,1.58,1.59,1.69,1.64,1.44,1.47,NA,NA,NA,NA,NA,NA,NA,NA,NA,NA,NA,NA,NA,NA,NA,NA,NA
R1.0215.1748.0,14,35.9985,-120.5549,4.821,-2.70263121343312,-0.49036040711637,1985.93640876364,1987.47620616882,1988.54800482348,1989.93615308663,1990.95266573789,1992.17358601466,1993.48123258086,1994.7274824908,1996.16467249007,1997.90885718322,1999.77385395485,2001.14669377854,2002.02074537291,2003.33042343132,NA,NA,NA,NA,NA,NA,NA,NA,NA,NA,NA,NA,NA,NA,NA,NA,NA,NA,1.23,1.25,1.02,1.22,1.17,1.26,1.19,1.26,1.32,1.3,1.31,1.35,1.29,1.37,NA,NA,NA,NA,NA,NA,NA,NA,NA,NA,NA,NA,NA,NA,NA,NA,NA,NA
R1.0217.1617.0,13,36.0376,-120.5885,3.963,2.56787453917425,-0.0218538720008465,1985.7954404785,1986.74012713629,1990.32420909912,1991.20081303272,1991.94578625824,1992.57548197891,1993.39375310946,1994.25705124144,1995.94149901097,1997.07021688324,1998.05027701262,1999.14522099664,2002.74757667333,NA,NA,NA,NA,NA,NA,NA,NA,NA,NA,NA,NA,NA,NA,NA,NA,NA,NA,NA,1.27,1.34,1.29,1.45,1.16,1.25,1.38,1.31,1.49,1.55,1.47,1.55,1.59,NA,NA,NA,NA,NA,NA,NA,NA,NA,NA,NA,NA,NA,NA,NA,NA,NA,NA,NA
R1.0218.1614.0,13,36.0217,-120.5777,4.663,0.59068860665093,-0.41045313440094,1985.79236314688,1988.639370143,1990.47208512367,1993.02447461758,1994.47494908549,1995.79153699233,1997.76719655473,1998.66139075469,1999.81331876776,2002.01555537513,2003.38937814688,2005.6993803802,2006.44026194,NA,NA,NA,NA,NA,NA,NA,NA,NA,NA,NA,NA,NA,NA,NA,NA,NA,NA,NA,1.42,1.45,1.63,1.46,1.45,1.41,1.35,1.35,1.33,1.76,1.56,1.41,1.6,NA,NA,NA,NA,NA,NA,NA,NA,NA,NA,NA,NA,NA,NA,NA,NA,NA,NA,NA
R1.0219.1592.0,16,36.1476,-120.7248,3.513,19.8100567428338,-1.56457571996654,1985.76243272577,1986.90260996575,1990.28238421423,1991.74849315005,1992.90925772048,1993.9403233958,1995.33595631247,1996.71993895214,1998.05311931761,1999.50103663115,2000.89868473582,2001.83368437468,2003.42255791984,2010.11614347317,2011.5350773034,2013.00895343829,NA,NA,NA,NA,NA,NA,NA,NA,NA,NA,NA,NA,NA,NA,NA,NA,1.65,1.6,1.38,1.41,1.51,1.44,1.4,1.66,1.69,1.69,1.69,1.62,1.7,1.5,1.59,1.56,NA,NA,NA,NA,NA,NA,NA,NA,NA,NA,NA,NA,NA,NA,NA,NA
R1.0233.438.0,13,37.2433,-121.6281,5.598,164.74002929826,15.6599638816801,1984.45371508171,1984.62584291641,1984.8858972646,1985.35766400304,1986.33361592529,1987.95994260052,1990.1327383346,1993.56393895865,1997.57683929097,2000.32537622888,2003.07789372653,2006.25063624746,2009.07960168157,NA,NA,NA,NA,NA,NA,NA,NA,NA,NA,NA,NA,NA,NA,NA,NA,NA,NA,NA,1.9,1.82,1.9,1.81,1.83,1.83,1.8,1.78,1.74,1.71,1.71,1.68,1.61,NA,NA,NA,NA,NA,NA,NA,NA,NA,NA,NA,NA,NA,NA,NA,NA,NA,NA,NA
R1.0235.315.0,16,37.3223,-121.6908,7.742,175.014585850745,17.1523481795562,1984.36686943401,1987.76198110921,1988.67333397876,1989.54044378012,1992.40167478844,1994.18106590056,1995.85574777968,1997.4646777356,1999.34575906234,2003.34839271753,2005.50957275622,2007.97525332541,2008.85118019284,2010.00589506437,2011.5818504674,2013.36445675989,NA,NA,NA,NA,NA,NA,NA,NA,NA,NA,NA,NA,NA,NA,NA,NA,1.69,1.79,1.77,1.87,1.61,1.64,1.68,1.59,1.53,1.48,1.71,1.61,1.48,1.72,1.43,1.57,NA,NA,NA,NA,NA,NA,NA,NA,NA,NA,NA,NA,NA,NA,NA,NA
R1.0236.235.0,14,37.1562,-121.5605,2.302,153.494948728306,13.9244868336199,1984.34261278998,1984.65087983107,1985.77464885337,1986.66012008054,1987.72330198123,1990.14301169869,1991.37080057648,1994.66061999556,1997.14385977264,1999.45966395992,2002.04847343385,2005.3932087649,2009.10392811929,2012.8310549544,NA,NA,NA,NA,NA,NA,NA,NA,NA,NA,NA,NA,NA,NA,NA,NA,NA,NA,1.85,1.78,1.81,1.85,1.82,1.83,1.73,1.79,1.91,1.8,1.85,1.88,1.85,1.75,NA,NA,NA,NA,NA,NA,NA,NA,NA,NA,NA,NA,NA,NA,NA,NA,NA,NA
R1.0240.9686.0,13,35.8581,-120.4027,5.045,-23.4654453761382,0.0377675311839933,2004.74870383336,2004.75604116923,2004.76740027797,2004.78081948366,2004.82259971729,2004.8500639787,2004.9197506391,2005.15707148116,2005.38722444349,2005.69435764269,2006.20629292903,2006.20903121353,2011.96489885115,NA,NA,NA,NA,NA,NA,NA,NA,NA,NA,NA,NA,NA,NA,NA,NA,NA,NA,NA,1.43,1.3,1.25,1.27,1.08,1.22,1.26,1.22,1.05,1.25,1.25,1.05,1.07,NA,NA,NA,NA,NA,NA,NA,NA,NA,NA,NA,NA,NA,NA,NA,NA,NA,NA,NA
R1.0241.9480.0,12,35.8522,-120.394,3.46,-24.4717835975931,0.220767743599879,2004.55568515862,2004.75932409178,2004.84955642614,2004.90728659811,2005.01367921455,2005.12843535927,2005.34326782154,2005.66965074455,2006.03375023877,2006.69705242041,2007.70300904585,2008.64940369611,NA,NA,NA,NA,NA,NA,NA,NA,NA,NA,NA,NA,NA,NA,NA,NA,NA,NA,NA,NA,1.16,1.28,1.26,1,1.17,1.28,1.26,1.28,1.28,1.26,0.95,0.77,NA,NA,NA,NA,NA,NA,NA,NA,NA,NA,NA,NA,NA,NA,NA,NA,NA,NA,NA,NA
R1.0249.4630.0,14,36.8377,-121.5605,3.962,126.652463703747,-9.07442575344,1990.51301925514,1991.29062561263,1992.70629463039,1993.53823883054,1995.0562460442,1996.72373678279,1997.96295376649,1999.12784685661,2001.6993517044,2003.37744158042,2004.64544273553,2008.77016200858,2010.66148153349,2013.81564235445,NA,NA,NA,NA,NA,NA,NA,NA,NA,NA,NA,NA,NA,NA,NA,NA,NA,NA,1.49,1.3,1.45,1.34,1.46,1.44,1.43,1.5,1.44,1.64,1.53,1.53,1.33,1.57,NA,NA,NA,NA,NA,NA,NA,NA,NA,NA,NA,NA,NA,NA,NA,NA,NA,NA
R1.0253.4025.0,13,36.8703,-121.6017,6.736,131.790625609984,-9.51018831791999,1989.88037786625,1990.11819957287,1990.55053902429,1991.55059310502,1991.77825499524,1992.17697312506,1994.77830723776,1997.28980797089,1998.2588890338,2002.26522173897,2004.70158761384,2005.66720141648,2010.3983167155,NA,NA,NA,NA,NA,NA,NA,NA,NA,NA,NA,NA,NA,NA,NA,NA,NA,NA,NA,1.3,1.42,1.42,1.21,1.25,1.12,1.56,1.52,1.45,1.45,1.64,1.4,1.26,NA,NA,NA,NA,NA,NA,NA,NA,NA,NA,NA,NA,NA,NA,NA,NA,NA,NA,NA
R1.0254.4019.0,12,36.9208,-121.6628,10.445,139.590429600824,-9.99443751762298,1989.87512013128,1990.04198903031,1990.22909990011,1990.34469522958,1990.46325152112,1991.80129820396,1992.77984523439,1993.74821065417,1996.02721815928,2001.30597148529,2006.41351582763,2014.22990721176,NA,NA,NA,NA,NA,NA,NA,NA,NA,NA,NA,NA,NA,NA,NA,NA,NA,NA,NA,NA,1.08,1.05,1.03,1.08,1.07,1.2,1.17,1.13,1.23,1.32,1.21,1.14,NA,NA,NA,NA,NA,NA,NA,NA,NA,NA,NA,NA,NA,NA,NA,NA,NA,NA,NA,NA
R1.0255.4018.0,12,36.9438,-121.6841,10.307,142.763244187747,-9.77126288901675,1989.8605392859,1989.88900012399,1989.95067685819,1989.9868219974,1990.05100685914,1990.15517526256,1990.34934275907,1991.80163919521,1992.25453697158,1992.83920715411,1993.41450565671,1994.6913174962,NA,NA,NA,NA,NA,NA,NA,NA,NA,NA,NA,NA,NA,NA,NA,NA,NA,NA,NA,NA,1.59,1.54,1.61,1.31,1.48,1.56,1.62,1.67,1.53,1.59,1.36,1.63,NA,NA,NA,NA,NA,NA,NA,NA,NA,NA,NA,NA,NA,NA,NA,NA,NA,NA,NA,NA
R1.0261.3703.0,12,36.401,-120.9793,4.977,56.047758222991,-0.903696842279402,1989.31798544362,1990.16105854389,1992.10002356431,1992.82518445437,1993.92698492516,1995.19362309012,1996.01638253675,1996.83928409387,1997.94365890791,2000.97660873495,2002.02710566717,2002.99567215309,NA,NA,NA,NA,NA,NA,NA,NA,NA,NA,NA,NA,NA,NA,NA,NA,NA,NA,NA,NA,1.18,1.26,1.25,1.26,1.14,1.52,1.17,1.3,1.3,1.3,1.25,1.28,NA,NA,NA,NA,NA,NA,NA,NA,NA,NA,NA,NA,NA,NA,NA,NA,NA,NA,NA,NA
R1.0263.3167.0.C,18,36.6706,-121.2933,4.025,97.0540191762109,-2.9758596597488,1986.49734534088,1988.09296388604,1990.58141130454,1991.31761626459,1991.95665953165,1992.88312453008,1993.98753759386,1995.14997097444,1997.01450803082,1998.29830288654,2002.36764627759,2004.93172858259,2006.48144498827,2008.54649846027,2011.28164978501,2012.3485856336,2013.76765436263,2014.93019715373,NA,NA,NA,NA,NA,NA,NA,NA,NA,NA,NA,NA,NA,NA,1.66,1.61,1.75,1.93,1.71,1.74,1.8,1.66,1.77,1.67,1.79,1.88,1.76,1.8,1.85,1.61,1.83,1.56,NA,NA,NA,NA,NA,NA,NA,NA,NA,NA,NA,NA,NA,NA
R1.0265.3032.0,16,36.4667,-121.0435,5.351,65.3318458083474,-0.585408537273732,1987.7103877337,1989.74079841356,1990.10990378012,1990.72051864441,1991.91664649321,1992.79949231399,1994.11005971937,1995.37276018392,1996.70664625645,1999.67644414606,2002.32060132325,2007.78611612158,2010.56836763572,2011.62660001649,2012.75806056972,2014.43636106481,NA,NA,NA,NA,NA,NA,NA,NA,NA,NA,NA,NA,NA,NA,NA,NA,1.49,1.28,1.28,1.46,1.51,1.24,1.45,1.47,1.34,1.67,1.63,1.6,1.67,1.61,1.29,1.69,NA,NA,NA,NA,NA,NA,NA,NA,NA,NA,NA,NA,NA,NA,NA,NA
R1.0266.2532.0,14,36.5811,-121.1855,7.159,83.2408034397995,-2.06825935636311,1986.80378985065,1988.82794277474,1990.92714827594,1994.90441946664,1995.73056901668,1995.80839413432,1996.3605762235,1997.82167470288,2002.37830801116,2004.69437820374,2005.82722186612,2008.75147835711,2010.11639747685,2012.05425539048,NA,NA,NA,NA,NA,NA,NA,NA,NA,NA,NA,NA,NA,NA,NA,NA,NA,NA,1.48,1.51,1.54,1.57,1.61,1.48,1.65,1.67,1.56,1.58,1.47,1.64,1.41,1.52,NA,NA,NA,NA,NA,NA,NA,NA,NA,NA,NA,NA,NA,NA,NA,NA,NA,NA
R1.0268.2200.0,13,36.6286,-121.2466,7.077,90.7979756024983,-2.81778295654075,1986.43988816052,1986.88259356323,1989.38383694762,1992.40155469035,1994.97805678907,1998.11186838819,2000.57001735194,2002.03505323472,2002.98409106957,2004.75910705354,2007.00572792174,2009.40289086409,2012.92135756774,NA,NA,NA,NA,NA,NA,NA,NA,NA,NA,NA,NA,NA,NA,NA,NA,NA,NA,NA,1.33,1.05,1.36,1.39,1.42,1.33,1.24,1.15,1.37,1.32,1.48,1.3,1.38,NA,NA,NA,NA,NA,NA,NA,NA,NA,NA,NA,NA,NA,NA,NA,NA,NA,NA,NA
R1.0269.2092.0,14,36.5672,-121.1618,2.231,80.6916762142361,-1.45044820175753,1986.32701197171,1987.3051718842,1990.08016298009,1991.06035972317,1993.15368814878,1995.39779043918,1996.63872414902,1998.34146404807,2002.83866502537,2004.4372230109,2006.12458565164,2008.8230625019,2011.2599570938,2013.06078037227,NA,NA,NA,NA,NA,NA,NA,NA,NA,NA,NA,NA,NA,NA,NA,NA,NA,NA,1.93,1.62,1.96,1.72,1.83,1.87,1.93,1.71,1.9,1.68,1.75,1.69,1.91,1.66,NA,NA,NA,NA,NA,NA,NA,NA,NA,NA,NA,NA,NA,NA,NA,NA,NA,NA
R1.0274.1484.0,15,36.5122,-121.0946,4.155,72.1442575521388,-0.812714157849307,1985.61927101788,1991.03554937468,1992.36945694887,1993.46584987284,1994.95781650146,1996.18511652689,1997.39539206209,2003.1726546848,2004.59063937019,2005.71324033676,2007.33151300514,2008.9530009079,2011.49000351123,2012.76322176464,2014.29441943461,NA,NA,NA,NA,NA,NA,NA,NA,NA,NA,NA,NA,NA,NA,NA,NA,NA,1.68,1.7,1.59,1.63,1.76,1.77,1.74,1.9,1.69,1.63,1.84,1.73,1.6,1.65,1.59,NA,NA,NA,NA,NA,NA,NA,NA,NA,NA,NA,NA,NA,NA,NA,NA,NA
R1.0277.1264.0,13,36.7343,-121.4044,6.404,108.875123747605,-5.94285830271249,1985.28907267345,1987.47160985604,1990.2243149667,1992.1524004149,1994.80640263572,1997.09815093924,1999.23128239631,2001.10699228881,2003.39279185978,2005.43897663718,2007.78152560217,2009.54670641172,2011.93292370497,NA,NA,NA,NA,NA,NA,NA,NA,NA,NA,NA,NA,NA,NA,NA,NA,NA,NA,NA,1.89,1.86,1.84,1.93,2.01,1.87,1.99,2.01,2.04,1.93,1.99,1.89,1.98,NA,NA,NA,NA,NA,NA,NA,NA,NA,NA,NA,NA,NA,NA,NA,NA,NA,NA,NA
R1.0278.1185.0,17,36.4614,-121.0401,5.472,64.6861179030226,-0.733122295501477,1985.19762148973,1987.40362794521,1989.90801502695,1991.97301725076,1993.2397279804,1994.42761086536,1998.03743966578,1999.50944142536,2003.78584520802,2005.22085567574,2006.70331212836,2008.00677635853,2010.03736964168,2011.50300896975,2012.6636902022,2014.06469067732,2014.09098011257,NA,NA,NA,NA,NA,NA,NA,NA,NA,NA,NA,NA,NA,NA,NA,1.76,1.81,2.04,1.95,1.84,1.85,1.89,1.76,2.06,1.83,1.95,2.05,1.9,2.12,1.77,1.82,2.11,NA,NA,NA,NA,NA,NA,NA,NA,NA,NA,NA,NA,NA,NA,NA
R1.0281.1069.0,12,37.3532,-121.7225,4.198,179.446568505904,17.256934285206,1985.04457603057,1986.34682311676,1987.89154721144,1988.82106423358,1990.64263951516,1992.7765864928,1995.92023826738,1998.47569617421,2001.21569938832,2003.04252495529,2005.56043237031,2008.69852629117,NA,NA,NA,NA,NA,NA,NA,NA,NA,NA,NA,NA,NA,NA,NA,NA,NA,NA,NA,NA,1.21,1.29,1.19,1.19,1.47,1.24,1.54,1.56,1.38,1.38,1.42,1.26,NA,NA,NA,NA,NA,NA,NA,NA,NA,NA,NA,NA,NA,NA,NA,NA,NA,NA,NA,NA
R1.0287.358.0,12,37.2754,-121.6548,4.614,168.986114486696,16.1826709816394,1984.38928563993,1984.4957946734,1984.61917435331,1984.79843953463,1985.0362931529,1985.28568449518,1985.66300095225,1986.06381237601,1986.43123555714,1987.16464928368,1987.93948319191,1988.58943218352,NA,NA,NA,NA,NA,NA,NA,NA,NA,NA,NA,NA,NA,NA,NA,NA,NA,NA,NA,NA,0.75,0.97,0.97,0.95,0.96,0.96,1.03,0.98,0.95,1.05,0.95,0.94,NA,NA,NA,NA,NA,NA,NA,NA,NA,NA,NA,NA,NA,NA,NA,NA,NA,NA,NA,NA
R1.0289.228.0,12,37.2773,-121.6556,5.091,169.192329371859,16.2661965101195,1984.3141878662,1984.3400690792,1984.42984656667,1984.57696179006,1984.97898083637,1987.0351596588,1988.75759251986,1991.33139031107,1994.9401206361,1998.45452232877,2002.88263783137,2009.5161953412,NA,NA,NA,NA,NA,NA,NA,NA,NA,NA,NA,NA,NA,NA,NA,NA,NA,NA,NA,NA,1.7,1.51,1.67,1.58,1.65,1.53,1.58,1.64,1.55,1.68,1.63,1.51,NA,NA,NA,NA,NA,NA,NA,NA,NA,NA,NA,NA,NA,NA,NA,NA,NA,NA,NA,NA
R1.0292.4.0,15,36.6013,-121.2117,8.101,86.4673394434829,-2.40265640437104,1984.17012250051,1987.82457448313,1989.8541027318,1990.31042906234,1993.29056340627,1995.30939858987,1996.02711009538,1998.57080471112,2002.55259451135,2006.09479047913,2007.5591958067,2009.2243582455,2011.65142200818,2013.79822580543,2014.41456287449,NA,NA,NA,NA,NA,NA,NA,NA,NA,NA,NA,NA,NA,NA,NA,NA,NA,1.37,1.54,1.06,1.53,1.45,1.73,1.47,1.5,1.46,1.53,1.42,1.59,1.67,1.68,1.36,NA,NA,NA,NA,NA,NA,NA,NA,NA,NA,NA,NA,NA,NA,NA,NA,NA
R1.0296.9598.0.C,19,35.9302,-120.4794,4.846,-12.885834827679,-0.138831244669699,2004.74269031478,2004.74332058288,2004.74412926881,2004.74603486864,2004.76190267405,2004.77634462912,2004.82396963229,2004.87363587805,2004.94163737129,2005.04697644882,2005.11294222856,2005.3905783847,2005.81157466705,2006.47257911435,2007.36427891109,2009.14500495878,2010.73637025336,2013.02030711853,2014.93775468132,NA,NA,NA,NA,NA,NA,NA,NA,NA,NA,NA,NA,NA,1.19,1.39,1.51,1.29,1.49,1.29,1.59,1.23,1.44,1.14,1.21,1.17,1.17,1.45,1.22,1.46,1.46,1.43,1.23,NA,NA,NA,NA,NA,NA,NA,NA,NA,NA,NA,NA,NA
R1.0301.5798.0,14,37.1499,-121.5388,8.225,151.709806802223,14.9339229466255,1992.52064181941,1993.47850914066,1994.35602402429,1995.44804687056,1996.77109229249,1998.1929977096,2000.9814892203,2002.34191596144,2005.06868903,2007.18528338407,2009.0440078802,2010.4753021921,2011.65673560915,2013.2500253542,NA,NA,NA,NA,NA,NA,NA,NA,NA,NA,NA,NA,NA,NA,NA,NA,NA,NA,1.05,1.29,1.07,1.04,1.23,1.55,1.41,1.38,0.97,1.07,1.17,1.05,1,0.99,NA,NA,NA,NA,NA,NA,NA,NA,NA,NA,NA,NA,NA,NA,NA,NA,NA,NA
R1.0315.3599.0,13,36.6791,-121.305,3.627,98.4503327600904,-3.16028833116784,1989.05826330004,1990.74617728913,1992.96155153752,1995.37792232211,1996.41372189872,1997.36709050323,1999.25010942637,2001.41104000666,2003.24113582826,2005.58144472,2007.76211423833,2010.76737946062,2013.62820635908,NA,NA,NA,NA,NA,NA,NA,NA,NA,NA,NA,NA,NA,NA,NA,NA,NA,NA,NA,1.75,1.79,1.82,1.75,1.84,1.51,1.63,1.8,1.87,1.93,1.8,1.72,1.75,NA,NA,NA,NA,NA,NA,NA,NA,NA,NA,NA,NA,NA,NA,NA,NA,NA,NA,NA
R1.0322.2729.0,13,36.8386,-121.5623,4.006,126.832779914401,-9.13139140845443,1987.09307285166,1989.9847676335,1990.96690673865,1992.54701935843,1994.02830135242,1996.49302891842,1998.39163394184,2000.45406578185,2002.22035795313,2004.48190918621,2006.49420043442,2011.66537605942,2013.84318179604,NA,NA,NA,NA,NA,NA,NA,NA,NA,NA,NA,NA,NA,NA,NA,NA,NA,NA,NA,1.57,1.59,1.66,1.56,1.61,1.61,1.53,1.61,1.55,1.56,1.52,1.57,1.57,NA,NA,NA,NA,NA,NA,NA,NA,NA,NA,NA,NA,NA,NA,NA,NA,NA,NA,NA
R1.0324.2615.0,16,36.4604,-121.0384,5.188,64.5029390508764,-0.688594500039923,1986.94086756057,1991.92701463185,1992.9392647541,1994.25897420599,1995.07926261733,1996.34829133557,1997.30107362506,1998.88618931443,2003.78671651414,2004.8160195488,2005.77008163908,2007.15242589644,2011.50367707002,2012.73447698151,2013.33129851471,2014.7354354877,NA,NA,NA,NA,NA,NA,NA,NA,NA,NA,NA,NA,NA,NA,NA,NA,1.97,1.9,1.8,1.88,1.94,1.93,1.87,1.9,2.07,1.86,1.76,2.06,1.79,1.77,1.95,1.73,NA,NA,NA,NA,NA,NA,NA,NA,NA,NA,NA,NA,NA,NA,NA,NA
R1.0325.2476.0,12,36.5427,-121.1361,8.002,77.1298945252699,-1.45657703870631,1986.73685411276,1987.79635690734,1989.17577875666,1990.31489738299,1991.98698846239,1993.55529924626,1995.2233088372,1996.6084693227,2002.11451112094,2008.0462015002,2009.59474967339,2010.78328006215,NA,NA,NA,NA,NA,NA,NA,NA,NA,NA,NA,NA,NA,NA,NA,NA,NA,NA,NA,NA,1.64,1.58,1.61,1.73,1.68,1.49,1.81,1.64,1.73,1.83,1.67,1.64,NA,NA,NA,NA,NA,NA,NA,NA,NA,NA,NA,NA,NA,NA,NA,NA,NA,NA,NA,NA
R1.0329.1964.3,12,36.0022,-120.5579,4.442,-2.21424480783558,-0.433751037540972,1986.15526437912,1989.64728035325,1991.44657693747,1993.18544003615,1994.79235851376,1996.44476395972,1998.12504402302,1999.45395445142,2001.02269530378,2002.44751387177,2003.93650867675,2004.99771816244,NA,NA,NA,NA,NA,NA,NA,NA,NA,NA,NA,NA,NA,NA,NA,NA,NA,NA,NA,NA,1.44,1.52,1.59,1.5,1.57,1.39,1.58,1.53,1.6,1.56,1.63,1.56,NA,NA,NA,NA,NA,NA,NA,NA,NA,NA,NA,NA,NA,NA,NA,NA,NA,NA,NA,NA
R1.0331.1732.0,13,36.6428,-121.2567,4.115,92.5834645842013,-2.48432434835144,1985.92123050767,1987.36984073186,1990.03942811105,1992.33178596533,1995.13732993848,1998.52215185566,2000.63769313872,2002.38366538305,2004.07997611914,2006.36533607433,2008.60731952287,2012.71604215556,2013.13135192637,NA,NA,NA,NA,NA,NA,NA,NA,NA,NA,NA,NA,NA,NA,NA,NA,NA,NA,NA,1.88,1.75,1.86,1.63,1.88,1.92,1.74,1.83,1.78,1.86,1.69,1.68,1.78,NA,NA,NA,NA,NA,NA,NA,NA,NA,NA,NA,NA,NA,NA,NA,NA,NA,NA,NA
R1.0335.1334.0,13,36.7136,-121.3546,2.739,104.239646719262,-4.04977236113241,1985.35302894311,1987.63665835743,1991.10877137208,1993.47514859113,1995.64734152556,1998.46462199486,2000.71806354641,2003.46621499778,2004.97784053298,2007.47162306285,2009.5553998256,2011.59733652841,2014.48055302892,NA,NA,NA,NA,NA,NA,NA,NA,NA,NA,NA,NA,NA,NA,NA,NA,NA,NA,NA,1.67,1.46,1.78,1.52,1.85,1.84,1.75,1.79,1.77,1.7,1.6,1.66,1.61,NA,NA,NA,NA,NA,NA,NA,NA,NA,NA,NA,NA,NA,NA,NA,NA,NA,NA,NA
R1.0336.1320.0,12,37.1106,-121.5232,4.983,147.49515303398,13.1501359947769,1985.34321966483,1986.37780496702,1987.69878003393,1989.28603880517,1990.56920392345,1992.25255645998,1994.26636049562,1996.59799289997,1999.2597450352,2002.10123764111,2005.4990238854,2014.43034424309,NA,NA,NA,NA,NA,NA,NA,NA,NA,NA,NA,NA,NA,NA,NA,NA,NA,NA,NA,NA,1.33,1.37,1.25,1.21,1.24,1.25,1.32,1.48,1.36,1.46,1.42,1.16,NA,NA,NA,NA,NA,NA,NA,NA,NA,NA,NA,NA,NA,NA,NA,NA,NA,NA,NA,NA
R1.0340.1095.0,15,36.5565,-121.1531,7.127,79.2824751599624,-1.62555949379213,1985.07317308505,1986.58199208682,1988.88103022003,1991.05971611333,1992.9967075728,1995.90999836695,1997.64273656456,2000.37326129769,2002.85562473364,2005.27220693874,2008.11384576408,2010.12720666254,2011.8782393119,2011.88994160547,2014.50726996258,NA,NA,NA,NA,NA,NA,NA,NA,NA,NA,NA,NA,NA,NA,NA,NA,NA,1.83,1.67,1.71,1.73,1.66,1.91,1.84,1.91,1.78,1.85,1.99,1.7,1.65,1.81,1.8,NA,NA,NA,NA,NA,NA,NA,NA,NA,NA,NA,NA,NA,NA,NA,NA,NA
R1.0347.490.0,12,37.1633,-121.564,2.708,154.295608489237,14.2010851457353,1984.5035751831,1985.24183476788,1986.24891127569,1988.64982154612,1989.55071842529,1991.11550241343,1993.56001661022,1994.97759267504,1998.53556949423,2003.03731320776,2009.13584529934,2014.38255192859,NA,NA,NA,NA,NA,NA,NA,NA,NA,NA,NA,NA,NA,NA,NA,NA,NA,NA,NA,NA,1.91,1.86,1.84,1.58,1.7,1.86,1.77,1.62,1.8,1.93,1.83,1.74,NA,NA,NA,NA,NA,NA,NA,NA,NA,NA,NA,NA,NA,NA,NA,NA,NA,NA,NA,NA
R1.0349.368.0,13,37.3535,-121.7176,7.923,179.188778551885,17.6079302137119,1984.39534199618,1984.89490020555,1985.12036788369,1985.36098935471,1985.74071642821,1986.33618685883,1988.24830142399,1988.88931647471,1994.03434087107,1995.2826682807,1996.39471108012,1996.92005989109,1999.17505374461,NA,NA,NA,NA,NA,NA,NA,NA,NA,NA,NA,NA,NA,NA,NA,NA,NA,NA,NA,1.19,0.81,0.82,0.82,1.26,0.93,0.93,1.01,1.01,1.02,1.34,1.39,1.19,NA,NA,NA,NA,NA,NA,NA,NA,NA,NA,NA,NA,NA,NA,NA,NA,NA,NA,NA
R1.0357.9702.0.C,16,35.8092,-120.3498,5.241,-30.6939658538031,0.226074731947229,1988.24360786626,1995.2407897831,1999.10651386479,2002.60423116407,2004.75385918937,2004.76866727288,2004.79521339683,2004.84280678412,2004.91703636252,2005.02033107306,2005.35557011891,2005.82940750095,2006.78958021436,2008.26175890603,2010.97132560058,2013.17480909659,NA,NA,NA,NA,NA,NA,NA,NA,NA,NA,NA,NA,NA,NA,NA,NA,1.35,1.23,1.33,1.18,0.88,1.15,1.07,1.22,0.77,0.78,1.28,1.27,1.4,1.16,1.14,1.03,NA,NA,NA,NA,NA,NA,NA,NA,NA,NA,NA,NA,NA,NA,NA,NA
R1.0372.5073.0,12,36.8466,-121.5747,5.228,128.226634537647,-9.39369739523146,1991.11608604579,1992.93214035114,1992.93600724834,1993.7342140468,1995.71041380739,1997.82658979642,1999.67230310788,2003.43167528158,2006.15235338439,2008.76100671328,2011.58557879661,2013.95395561358,NA,NA,NA,NA,NA,NA,NA,NA,NA,NA,NA,NA,NA,NA,NA,NA,NA,NA,NA,NA,1.11,1.09,1.24,1.04,1.13,1.33,1.12,1.1,1.14,1.31,1.01,0.9,NA,NA,NA,NA,NA,NA,NA,NA,NA,NA,NA,NA,NA,NA,NA,NA,NA,NA,NA,NA
R1.0375.4859.0,14,36.7963,-121.5123,6.052,120.365324049045,-8.79564078066497,1990.8052264447,1992.93852981905,1995.91180254883,1996.56552101042,1998.6386852968,2000.15621830569,2001.11540522292,2001.13151667681,2002.04689429446,2006.34087778349,2010.93100368404,2014.35342595129,2014.92927535927,2014.94765368943,NA,NA,NA,NA,NA,NA,NA,NA,NA,NA,NA,NA,NA,NA,NA,NA,NA,NA,1.27,1.36,1.55,1.46,1.45,1.35,1.35,1.19,1.49,1.35,1.47,1.15,1.11,1.09,NA,NA,NA,NA,NA,NA,NA,NA,NA,NA,NA,NA,NA,NA,NA,NA,NA,NA
R1.0377.4726.0,14,36.5079,-121.0897,4.325,71.4964136958261,-0.786639817339584,1990.66053556919,1992.69683939075,1993.91629636289,1995.23054342022,1998.58089739472,1999.48436592117,2002.05090446823,2003.77552126903,2005.17654006691,2007.64398571284,2011.21577603469,2012.22178098278,2013.08651622146,2013.78642870497,NA,NA,NA,NA,NA,NA,NA,NA,NA,NA,NA,NA,NA,NA,NA,NA,NA,NA,1.3,1.21,1.14,1.25,1.22,1.3,1.21,1.37,1.19,1.24,1.15,1.16,1.07,1.17,NA,NA,NA,NA,NA,NA,NA,NA,NA,NA,NA,NA,NA,NA,NA,NA,NA,NA
R1.0394.2652.0,12,36.7838,-121.4876,3.849,117.877949556483,-8.02213565561558,1986.98909955226,1990.88529804351,1992.87493549541,1995.79562682839,1998.25425268709,1999.5396586276,2001.34706857813,2002.55500489853,2004.76429188329,2007.05469575089,2010.54848521055,2014.22300588312,NA,NA,NA,NA,NA,NA,NA,NA,NA,NA,NA,NA,NA,NA,NA,NA,NA,NA,NA,NA,1.78,1.84,1.75,1.94,1.79,1.8,1.83,1.89,1.95,1.91,1.73,1.76,NA,NA,NA,NA,NA,NA,NA,NA,NA,NA,NA,NA,NA,NA,NA,NA,NA,NA,NA,NA
R1.0395.2606.0.C,14,36.5558,-121.1522,7.109,79.1711056966464,-1.61443058902128,1986.56445150431,1989.65516601281,1991.08711034025,1991.63884222698,1995.95497935153,2000.43360980065,2000.43369191206,2001.3289142136,2002.90646940164,2004.27963916496,2005.69654127473,2009.1137967878,2010.15525578577,2011.48810986904,NA,NA,NA,NA,NA,NA,NA,NA,NA,NA,NA,NA,NA,NA,NA,NA,NA,NA,1.26,1.07,0.99,1.42,1.42,1.36,1.12,1.11,1.03,1.42,1.4,1.21,1.29,1.21,NA,NA,NA,NA,NA,NA,NA,NA,NA,NA,NA,NA,NA,NA,NA,NA,NA,NA
R1.0397.2260.0.C,15,36.5594,-121.1561,6.506,79.7016303492917,-1.62193244578135,1986.51154695205,1988.49592138958,1988.49628651778,1990.69664034342,1991.93383670662,1993.11847476408,1995.27641489853,1999.03888722888,2001.05838480118,2003.78026813261,2006.90761431602,2009.00856165018,2010.06057295694,2011.52548160356,2013.34108401478,NA,NA,NA,NA,NA,NA,NA,NA,NA,NA,NA,NA,NA,NA,NA,NA,NA,1.94,1.74,1.6,1.69,1.64,1.63,1.94,1.96,2.02,2.02,2.04,1.88,1.5,1.72,1.88,NA,NA,NA,NA,NA,NA,NA,NA,NA,NA,NA,NA,NA,NA,NA,NA,NA
R1.0398.2202.0,12,36.7226,-121.3672,2.679,105.730103644079,-4.25802184979263,1986.44046890189,1989.1645792637,1991.35372937532,1994.58421315322,1996.28625517545,1997.71522215405,2000.45291307712,2001.75217276509,2004.64085867992,2008.1829343848,2010.01926012399,2010.76018177702,NA,NA,NA,NA,NA,NA,NA,NA,NA,NA,NA,NA,NA,NA,NA,NA,NA,NA,NA,NA,1.97,1.88,2.1,1.92,1.71,1.73,1.93,2.06,2.06,1.94,1.56,1.82,NA,NA,NA,NA,NA,NA,NA,NA,NA,NA,NA,NA,NA,NA,NA,NA,NA,NA,NA,NA
R1.0403.1878.0,12,36.5802,-121.1774,4.421,82.6952031291528,-1.58049159934283,1986.06518673516,1988.30586341992,1990.01078022038,1993.85451449328,1995.32441117358,1995.95763591483,1998.58826243182,2002.06376040113,2005.383951927,2007.49643249239,2009.21132248193,2011.88254278475,NA,NA,NA,NA,NA,NA,NA,NA,NA,NA,NA,NA,NA,NA,NA,NA,NA,NA,NA,NA,1.54,1.23,1.18,1.41,1.55,1.59,1.36,1.45,1.55,1.5,1.25,1.32,NA,NA,NA,NA,NA,NA,NA,NA,NA,NA,NA,NA,NA,NA,NA,NA,NA,NA,NA,NA
R1.0404.1856.0.C.1,12,36.5455,-121.1387,8.361,77.5174382714747,-1.43293971185791,1986.04415233067,1986.04416400495,1989.21709299404,1990.35205664384,1992.09013238084,1994.24621763794,1998.85620600805,2005.35930645199,2006.36262487189,2009.55908208555,2012.41099717415,2014.03857964929,NA,NA,NA,NA,NA,NA,NA,NA,NA,NA,NA,NA,NA,NA,NA,NA,NA,NA,NA,NA,1.46,1.74,1.26,1.62,1.5,1.57,1.55,1.92,2.14,1.56,1.73,1.71,NA,NA,NA,NA,NA,NA,NA,NA,NA,NA,NA,NA,NA,NA,NA,NA,NA,NA,NA,NA
R1.0405.1815.0,12,36.783,-121.4878,4.066,117.822089813825,-8.09341671928006,1986.01620680746,1990.24254141109,1994.32692518772,1996.93148899799,1998.73418811898,1999.94072460426,2002.68237911213,2004.71648666989,2006.15010602327,2008.33659017152,2010.64787319064,2013.39942234843,NA,NA,NA,NA,NA,NA,NA,NA,NA,NA,NA,NA,NA,NA,NA,NA,NA,NA,NA,NA,1.47,1.73,1.52,1.8,1.78,1.69,1.69,1.8,1.59,1.75,1.55,1.84,NA,NA,NA,NA,NA,NA,NA,NA,NA,NA,NA,NA,NA,NA,NA,NA,NA,NA,NA,NA
R1.0406.1766.0,13,35.9943,-120.5541,4.608,-3.10603997353411,-0.734593769724162,1985.95345225298,1988.16927084788,1990.2456117805,1994.83046253076,1996.88711024622,2001.30352979579,2002.98932681539,2005.12113057109,2005.86195124366,2006.7079308178,2008.02377343054,2009.32497540271,2013.64998092276,NA,NA,NA,NA,NA,NA,NA,NA,NA,NA,NA,NA,NA,NA,NA,NA,NA,NA,NA,1.87,1.83,1.63,1.87,1.9,1.92,1.7,1.91,1.95,1.88,1.89,1.71,2.03,NA,NA,NA,NA,NA,NA,NA,NA,NA,NA,NA,NA,NA,NA,NA,NA,NA,NA,NA
R1.0415.1410.0.C,16,36.6027,-121.214,8.575,86.7190159010295,-2.45878521149841,1985.49208822901,1987.27936133086,1988.17102462811,1992.54923079115,1995.3693811777,1996.97995522889,1997.83202736936,2001.9662977559,2003.30163765062,2004.37660251372,2005.02395017599,2008.25618462609,2009.11520057839,2011.80878110857,2012.68886221982,2013.95481173643,NA,NA,NA,NA,NA,NA,NA,NA,NA,NA,NA,NA,NA,NA,NA,NA,1.13,1.26,1.1,1.29,1.52,1.41,1.16,1.33,1.36,1.42,1,1.23,1.12,1.14,1.07,1.23,NA,NA,NA,NA,NA,NA,NA,NA,NA,NA,NA,NA,NA,NA,NA,NA
R1.0421.1112.0,14,36.5831,-121.1787,2.772,83.0157737896843,-1.46075149140747,1985.09640602676,1986.81395801338,1988.55460418532,1990.83151906773,1993.75075080448,1995.49097691559,2000.97290160804,2002.78630646943,2003.87381028634,2005.27841241343,2007.68668315195,2010.03823657915,2011.47103639872,2013.04835031583,NA,NA,NA,NA,NA,NA,NA,NA,NA,NA,NA,NA,NA,NA,NA,NA,NA,NA,2.04,1.83,1.93,1.95,2.01,2.11,2.11,1.94,1.77,1.81,1.95,1.8,1.81,1.89,NA,NA,NA,NA,NA,NA,NA,NA,NA,NA,NA,NA,NA,NA,NA,NA,NA,NA
R1.0427.809.0,12,36.5673,-121.169,7.803,81.1174558343917,-1.93448130033853,1984.77798470072,1991.62117121195,1994.66105785737,1995.7489514615,1996.60116530877,1999.65584454496,2002.22019036022,2004.68120151854,2005.47533079972,2008.97364133684,2010.68895896563,2013.60715856545,NA,NA,NA,NA,NA,NA,NA,NA,NA,NA,NA,NA,NA,NA,NA,NA,NA,NA,NA,NA,1.24,1.22,0.98,1.23,1.31,1.07,1.32,1.31,1.24,1.09,0.99,1.02,NA,NA,NA,NA,NA,NA,NA,NA,NA,NA,NA,NA,NA,NA,NA,NA,NA,NA,NA,NA
R1.0428.804.0,12,36.5792,-121.1841,7.095,82.9989978114579,-2.10932978792928,1984.77410978009,1987.03262523529,1989.01067130644,1992.79774863198,1995.41979778412,1995.75458777588,1997.01129753361,1998.49059995022,2002.71604612062,2004.67581042932,2007.42178272165,2012.60624620617,NA,NA,NA,NA,NA,NA,NA,NA,NA,NA,NA,NA,NA,NA,NA,NA,NA,NA,NA,NA,1.39,1.52,1.48,1.51,1.51,1.57,1.62,1.67,1.5,1.58,1.44,1.55,NA,NA,NA,NA,NA,NA,NA,NA,NA,NA,NA,NA,NA,NA,NA,NA,NA,NA,NA,NA
R1.0459.4936.0.C,18,36.4696,-121.0471,5.57,65.7859721557796,-0.623524985139781,1990.92825797026,1990.92827120783,1992.38998344338,1992.39002665231,1993.3313990411,1994.25042429287,1994.25051307934,1995.44734566115,1996.41194510474,1997.65075915145,2002.38824944508,2004.61926891729,2006.58560702055,2006.58574163749,2008.13997957366,2010.18618771214,2012.62532038998,2014.62257635559,NA,NA,NA,NA,NA,NA,NA,NA,NA,NA,NA,NA,NA,NA,1.24,1.24,1.29,1.06,1.19,0.97,1.24,1.39,1.29,1.25,1.21,1.33,1.21,0.97,1.32,1.25,1.01,1.05,NA,NA,NA,NA,NA,NA,NA,NA,NA,NA,NA,NA,NA,NA
R1.0467.4565.0,16,35.9958,-120.5532,4.6,-3.03067855409227,-0.565451063430794,1985.95412474664,1988.16670431814,1990.25394337741,1991.75630410927,1993.48103635781,1994.8418976224,1996.33041690163,1997.69749013603,1999.3731143509,2000.73325464544,2001.78375594115,2002.9889501484,2004.05466906655,2005.12125470605,2005.41423066971,2006.30182550387,NA,NA,NA,NA,NA,NA,NA,NA,NA,NA,NA,NA,NA,NA,NA,NA,1.43,1.57,1.55,1.45,1.44,1.47,1.55,1.49,1.51,1.53,1.37,1.36,1.5,1.49,1.43,1.38,NA,NA,NA,NA,NA,NA,NA,NA,NA,NA,NA,NA,NA,NA,NA,NA
R1.0470.4474.0,15,36.4551,-121.0346,5.773,63.8340067884735,-0.808894650144737,1988.26068639414,1990.33729140348,1991.76687298675,1993.68961006025,1996.45237950409,1998.35499598681,2000.41340752125,2003.53158788274,2003.5510615208,2004.46430449744,2005.78528201896,2008.4893528192,2008.48936541471,2012.74960225726,2013.49384319413,NA,NA,NA,NA,NA,NA,NA,NA,NA,NA,NA,NA,NA,NA,NA,NA,NA,1.42,1.3,1.45,1.21,1.34,1.25,1.38,1.44,1.41,1.49,1.51,1.65,1.34,1.36,1.58,NA,NA,NA,NA,NA,NA,NA,NA,NA,NA,NA,NA,NA,NA,NA,NA,NA
R1.0472.3968.1,13,36.9397,-121.6799,10.234,142.174291400891,-9.78388829198039,1987.47350676941,1989.84370183346,1989.88152222666,1990.01883730086,1990.48852804446,1991.30136830067,1992.30433643778,1993.27474537766,1994.98342516933,1996.94853725239,2000.04191156775,2003.98556347825,2009.44978441939,NA,NA,NA,NA,NA,NA,NA,NA,NA,NA,NA,NA,NA,NA,NA,NA,NA,NA,NA,1.85,1.59,1.87,1.92,1.87,1.72,1.95,1.92,1.83,1.84,1.89,1.95,1.85,NA,NA,NA,NA,NA,NA,NA,NA,NA,NA,NA,NA,NA,NA,NA,NA,NA,NA,NA
R1.0485.2779.0.CC.1,17,36.5861,-121.1887,6.638,83.8490551302697,-1.92713068506639,1987.16788909088,1990.60590041476,1993.50867144787,1995.98684347127,1997.36699093893,1999.17147784437,1999.68371913147,2001.58607519026,2004.47536522339,2005.4844798275,2007.50646030188,2008.32874940517,2010.59538249271,2011.66203838787,2011.66724771848,2012.21484240823,2014.59978179699,NA,NA,NA,NA,NA,NA,NA,NA,NA,NA,NA,NA,NA,NA,NA,1.32,1.41,1.4,1.56,1.63,1.28,1.31,1.52,1.37,1.55,1.52,1.26,1.48,1.3,1.15,1.52,1.46,NA,NA,NA,NA,NA,NA,NA,NA,NA,NA,NA,NA,NA,NA,NA
R1.0493.2422.0.C,13,36.5998,-121.2048,5.997,85.9405618239252,-2.04011940502247,1986.6181063372,1987.73812050197,1993.97197591102,1995.31106132991,1995.33423746988,1995.59699732496,1996.44872692174,2004.68242323954,2004.69312954678,2005.25022211885,2008.73216861181,2011.66197061802,2011.75408384576,NA,NA,NA,NA,NA,NA,NA,NA,NA,NA,NA,NA,NA,NA,NA,NA,NA,NA,NA,1.56,1.57,1.62,1.2,1.48,1.15,1.51,1.29,1.27,1.68,1.12,1.44,1.6,NA,NA,NA,NA,NA,NA,NA,NA,NA,NA,NA,NA,NA,NA,NA,NA,NA,NA,NA
R1.0498.2036.0,12,36.5417,-121.1297,4.558,76.6743754941092,-1.09149805570976,1986.26321078006,1989.6586116394,1990.45148458333,1991.74945441749,1994.07025615994,1995.58487230055,2000.2796290329,2004.57683355659,2009.41866578577,2010.89469660103,2012.38854445267,2013.47103471905,NA,NA,NA,NA,NA,NA,NA,NA,NA,NA,NA,NA,NA,NA,NA,NA,NA,NA,NA,NA,1.31,0.99,1.21,1.06,1.11,0.88,1.01,1.33,1,1.01,1,1.15,NA,NA,NA,NA,NA,NA,NA,NA,NA,NA,NA,NA,NA,NA,NA,NA,NA,NA,NA,NA
R1.0501.1931.0.C,17,36.0941,-120.6637,3.406,11.7260365575647,-1.17679082967514,1986.10283547089,1987.98603644502,1990.51645685534,1991.73769117263,1993.29585683473,1995.16462207763,1997.00524899448,1998.53398107116,2000.56109934698,2002.30180584697,2004.47835637965,2005.33547432997,2007.06662316686,2008.69470912771,2010.30138158771,2013.3242607994,2014.83820536054,NA,NA,NA,NA,NA,NA,NA,NA,NA,NA,NA,NA,NA,NA,NA,1.8,1.85,1.57,1.55,1.75,1.82,1.89,1.64,2,2.01,2.01,1.84,1.9,1.92,1.94,1.78,1.72,NA,NA,NA,NA,NA,NA,NA,NA,NA,NA,NA,NA,NA,NA,NA
R1.0512.1308.0.C,16,36.5802,-121.1771,4.359,82.6778150641906,-1.56002968751744,1985.31876736428,1986.4832260645,1987.33554190544,1991.63659009196,1993.99250975361,1995.32693368753,1996.51765695362,1997.61902641077,2001.08374472381,2003.37642329274,2005.79656984748,2006.53884464675,2008.61482088931,2010.2750854988,2012.85100086837,2014.13859388223,NA,NA,NA,NA,NA,NA,NA,NA,NA,NA,NA,NA,NA,NA,NA,NA,1.23,1.1,1.02,1.31,1.11,1.36,1.3,1.31,1.33,1.1,1.1,0.99,1.09,1.17,1.04,0.9,NA,NA,NA,NA,NA,NA,NA,NA,NA,NA,NA,NA,NA,NA,NA,NA
R1.0523.730.0.C,23,36.5366,-121.1202,2.581,75.6923605166647,-0.809165733879119,1984.68628771409,1985.88850798516,1986.99977681602,1989.24001295535,1991.51472276922,1994.1220869362,1995.5799609551,1995.57996203228,1996.39981329058,1997.64237544521,1999.98077828513,2001.22289700152,2002.30322044457,2003.55277444413,2003.56730450469,2004.68579507786,2006.05871065893,2006.94469838946,2008.07420340834,2009.63948945237,2010.92631304921,2012.26653015046,2014.26030270802,NA,NA,NA,NA,NA,NA,NA,NA,NA,1.55,1.54,2.02,1.87,1.89,1.51,1.65,1.75,1.97,1.54,1.92,1.71,1.61,1.68,1.67,1.6,1.77,1.69,1.8,1.82,1.81,1.89,1.49,NA,NA,NA,NA,NA,NA,NA,NA,NA
R1.0535.277.0,15,36.5568,-121.1529,6.565,79.2962564314653,-1.59035869265545,1984.35540996509,1985.88992620339,1986.94095622431,1990.17456667903,1992.14443223633,1996.11777976909,1997.14750673833,1999.44721324264,2001.51355600869,2003.2901540912,2006.93489279014,2010.44188363521,2011.67377063515,2011.67388996766,2014.40781382008,NA,NA,NA,NA,NA,NA,NA,NA,NA,NA,NA,NA,NA,NA,NA,NA,NA,1.58,1.56,1.42,1.56,1.52,1.81,1.5,1.42,1.58,1.59,1.43,1.44,1.65,1.54,1.52,NA,NA,NA,NA,NA,NA,NA,NA,NA,NA,NA,NA,NA,NA,NA,NA,NA
R1.0538.178.0.C,15,36.4758,-121.0528,4.809,66.6411402869849,-0.56842089603245,1984.32640585661,1986.4978483809,1988.52704403492,1990.24758688388,1994.31808328006,1996.21993415775,1998.00753331304,1999.73783406773,2002.17268710236,2004.41205211622,2006.17381127442,2008.256721875,2010.24951985572,2012.18424729432,2014.17290354642,NA,NA,NA,NA,NA,NA,NA,NA,NA,NA,NA,NA,NA,NA,NA,NA,NA,1.72,1.86,1.76,1.77,1.89,1.9,1.8,1.69,1.94,1.96,1.83,1.77,1.75,1.77,1.77,NA,NA,NA,NA,NA,NA,NA,NA,NA,NA,NA,NA,NA,NA,NA,NA,NA
R1.0543.9762.0.C,14,35.938,-120.4856,5.116,-11.8630790282819,-0.0120398295281481,1986.52988255549,1993.25667115994,1994.85732969305,1996.48394915218,2000.67468879307,2002.79661496005,2004.77001726561,2004.85831436608,2004.92544926476,2005.10792601852,2005.38331418316,2005.92634409786,2009.2573311498,2014.26599519977,NA,NA,NA,NA,NA,NA,NA,NA,NA,NA,NA,NA,NA,NA,NA,NA,NA,NA,1,1.19,1.22,1.24,1.41,1.32,1.15,1.18,1.17,1.22,1.16,1.14,1.22,1.21,NA,NA,NA,NA,NA,NA,NA,NA,NA,NA,NA,NA,NA,NA,NA,NA,NA,NA
R1.0552.5986.0,12,36.6048,-121.208,4.397,86.548741804802,-1.89881494451612,1990.82885003932,1993.0278416413,1995.40602933092,1996.54768462925,1998.839004362,2004.0960837087,2004.95359958257,2005.32901496829,2009.00504577404,2011.32666192035,2012.01706399388,2013.14732109526,NA,NA,NA,NA,NA,NA,NA,NA,NA,NA,NA,NA,NA,NA,NA,NA,NA,NA,NA,NA,0.85,0.99,0.93,1.09,1.02,0.98,0.87,1.01,1.04,0.89,0.85,0.85,NA,NA,NA,NA,NA,NA,NA,NA,NA,NA,NA,NA,NA,NA,NA,NA,NA,NA,NA,NA
R1.0554.5922.0.C,14,35.9283,-120.4761,4.295,-13.2386830246163,-0.0458659071121073,1987.73285178146,1992.87082036499,1994.49630815734,1995.5123527727,1997.93946055302,2000.65317661468,2004.74475500721,2004.77288978952,2005.09675812183,2005.31466806634,2005.68178365043,2005.99136903063,2006.5454999499,2012.86638903973,NA,NA,NA,NA,NA,NA,NA,NA,NA,NA,NA,NA,NA,NA,NA,NA,NA,NA,0.99,1.06,0.99,1.16,1.2,1.14,1.18,1.17,1.29,1.14,1.16,1.21,1.14,1.05,NA,NA,NA,NA,NA,NA,NA,NA,NA,NA,NA,NA,NA,NA,NA,NA,NA,NA
R1.0598.3159.0.C,18,36.7996,-121.5214,6.455,121.171674945112,-9.17458842598283,1985.72300675419,1988.06786577236,1990.11740592815,1992.78991595103,1995.82802828577,1999.46759530251,1999.46938665208,2001.6521227226,2003.18585274448,2003.18610673389,2005.08700251966,2005.10493750285,2005.10520095668,2011.88843523782,2011.88971382642,2012.88302501297,2013.85127694793,2013.85360169647,NA,NA,NA,NA,NA,NA,NA,NA,NA,NA,NA,NA,NA,NA,1.57,1.71,1.47,1.87,2.05,1.46,1.65,1.8,1.83,1.51,1.6,1.56,1.41,1.91,1.66,1.51,1.43,1.6,NA,NA,NA,NA,NA,NA,NA,NA,NA,NA,NA,NA,NA,NA
R1.0601.2937.0.C,18,36.6033,-121.2159,8.644,86.8798779437522,-2.54515852470652,1987.48590296772,1988.60994913479,1990.03343097539,1991.36614428494,1992.67084017374,1994.55015852867,1995.69118087646,1996.61180265381,1997.73495347317,2002.13251837836,2003.22189735857,2004.58342044563,2006.42085351313,2007.76138146563,2009.71610743119,2011.1628673554,2012.66475640116,2013.99816256659,NA,NA,NA,NA,NA,NA,NA,NA,NA,NA,NA,NA,NA,NA,1.41,1.13,1.21,1.39,1.45,1.36,1.53,1.38,1.45,1.48,1.32,1.33,1.45,1.16,1.24,1.45,1.43,0.92,NA,NA,NA,NA,NA,NA,NA,NA,NA,NA,NA,NA,NA,NA
R1.0643.911.1,13,36.5469,-121.1388,5.408,77.6416579313337,-1.33920500596928,1984.8906935201,1986.75299512525,1988.92244789168,1991.0752035645,1993.52503135845,1995.94004018487,1998.25063125698,2002.99695790145,2005.03173956431,2007.18640950311,2009.89065689593,2012.05284879611,2014.25530276351,NA,NA,NA,NA,NA,NA,NA,NA,NA,NA,NA,NA,NA,NA,NA,NA,NA,NA,NA,1.95,1.72,1.88,1.75,1.85,1.98,1.9,2,1.89,1.94,1.83,1.89,1.89,NA,NA,NA,NA,NA,NA,NA,NA,NA,NA,NA,NA,NA,NA,NA,NA,NA,NA,NA
R1.0656.207.1,20,37.2566,-121.6408,5.204,166.59401369065,15.7660450322491,1984.33539856715,1984.72558324131,1984.98749264224,1985.39575625571,1985.78332545726,1986.26171299975,1986.69071745434,1987.50965027017,1987.94706414193,1988.94861218756,1989.88175038718,1991.36071530885,1992.28249414687,1992.86021465037,1995.43948799404,1995.79346332223,2000.16773338361,2003.41882495941,2005.70391885591,2009.37758951674,NA,NA,NA,NA,NA,NA,NA,NA,NA,NA,NA,NA,1.92,1.44,1.66,1.56,1.4,1.43,1.42,1.56,1.5,1.58,1.27,1.6,1.55,1.66,1.71,1.54,1.57,1.6,1.62,1.61,NA,NA,NA,NA,NA,NA,NA,NA,NA,NA,NA,NA
R1.0663.10180.0.C,15,35.784,-120.3227,3.66,-34.4104244986796,0.314325664713593,1992.91555938227,2003.41136529236,2003.42532684995,2004.78021622584,2004.79624203603,2005.23303757135,2006.08521548199,2006.13015269248,2006.35940093037,2008.53208822955,2009.49422632325,2012.50586229413,2012.51435282869,2012.51462940321,2013.02577183758,NA,NA,NA,NA,NA,NA,NA,NA,NA,NA,NA,NA,NA,NA,NA,NA,NA,1.1,1.4,1.4,1.6,1.22,1.66,1.25,1.29,1.38,1.53,1.55,1.49,1.19,1.15,1.53,NA,NA,NA,NA,NA,NA,NA,NA,NA,NA,NA,NA,NA,NA,NA,NA,NA
R1.0685.6600.0.C,13,36.509,-121.0926,4.798,71.7575627111738,-0.905803919908742,1990.0324523665,1994.63911650463,1996.94941235422,1996.95243500746,1998.37138811517,2003.92409301877,2005.66046288242,2006.84063381469,2009.56612172279,2010.14148784564,2011.60263135147,2012.89903860839,2014.30389558409,NA,NA,NA,NA,NA,NA,NA,NA,NA,NA,NA,NA,NA,NA,NA,NA,NA,NA,NA,1.38,0.66,1.47,1,1.36,0.82,1.06,0.94,0.99,1.42,1.17,1.17,1.15,NA,NA,NA,NA,NA,NA,NA,NA,NA,NA,NA,NA,NA,NA,NA,NA,NA,NA,NA
R1.0700.5086.0,13,36.5415,-121.1321,6.333,76.7965517153165,-1.26970512467617,1984.16827966726,1986.17355270897,1991.15838742104,1993.7597447663,1996.36856934357,1997.64083200628,1999.348611198,2003.90514799277,2006.12514548167,2007.3318408067,2008.43471934799,2010.9704600742,2011.66611769565,NA,NA,NA,NA,NA,NA,NA,NA,NA,NA,NA,NA,NA,NA,NA,NA,NA,NA,NA,1.16,1.34,1.35,1.25,1.49,1.34,1.05,1.07,1.25,1.14,1.45,1.13,1.07,NA,NA,NA,NA,NA,NA,NA,NA,NA,NA,NA,NA,NA,NA,NA,NA,NA,NA,NA
R1.0705.4922.0.C,13,36.4695,-121.046,5.341,65.7137612131434,-0.55548052738741,1984.27000396365,1990.909004004,1991.84736557109,1992.83097941712,1994.2392853764,1995.35185166064,1998.67576289986,1999.66575728279,2004.13208158078,2006.37242235731,2008.10994461964,2010.50284992136,2011.58188309963,NA,NA,NA,NA,NA,NA,NA,NA,NA,NA,NA,NA,NA,NA,NA,NA,NA,NA,NA,1.47,1.36,1.46,1.28,1.35,1.32,1.33,1.41,1.39,1.33,1.55,1.33,1.3,NA,NA,NA,NA,NA,NA,NA,NA,NA,NA,NA,NA,NA,NA,NA,NA,NA,NA,NA
R1.0713.4295.0.C,12,36.6671,-121.2904,4.027,96.5902261047447,-3.03036505853295,1990.17073160927,1991.82291998541,1994.02885037766,1997.6967302337,2001.64555329084,2002.97847336441,2004.99269035304,2007.2212797904,2009.04123919203,2010.40009456684,2012.15045603054,2014.39381708619,NA,NA,NA,NA,NA,NA,NA,NA,NA,NA,NA,NA,NA,NA,NA,NA,NA,NA,NA,NA,1.17,1.18,1.06,1.3,1.24,1.31,1.21,1.33,1.18,1.09,1.11,1.1,NA,NA,NA,NA,NA,NA,NA,NA,NA,NA,NA,NA,NA,NA,NA,NA,NA,NA,NA,NA
R1.0731.3350.1,14,36.3988,-120.9683,0.898,55.2239421932361,-0.308059580495772,1987.28037298579,1988.48889147946,1990.48728095986,1993.36369345668,1994.94489095415,1996.19264423352,1997.50533521816,2000.42400513497,2001.85888107052,2003.66129496575,2005.25151292745,2007.14420296899,2012.96567313961,2014.32718381849,NA,NA,NA,NA,NA,NA,NA,NA,NA,NA,NA,NA,NA,NA,NA,NA,NA,NA,1.87,1.89,1.99,1.83,1.89,1.94,1.96,1.95,1.88,2.02,1.97,2,1.77,1.72,NA,NA,NA,NA,NA,NA,NA,NA,NA,NA,NA,NA,NA,NA,NA,NA,NA,NA
R1.0778.697.0.C,29,36.4982,-121.0751,3.155,69.8294246944116,-0.485270450672566,1984.64614078059,1984.6684376578,1986.171312832,1989.86397222127,1989.8725055657,1990.896084108,1991.7581031992,1991.76853182078,1993.81637386257,1993.81663666128,1995.06969102296,1997.20050707889,1997.47587321506,1997.71026217466,1999.29462978247,1999.29504722286,2000.98137533268,2002.50527059773,2003.8201082122,2004.54599757925,2005.26525483162,2005.74128491597,2006.5554621068,2007.95165971239,2009.12404352867,2010.2486550333,2010.24880488838,2012.23289665775,2013.40858028507,NA,NA,NA,1.89,2.04,1.9,1.93,2.32,1.66,2.02,1.83,1.95,1.92,1.93,1.66,1.99,1.75,2.02,1.99,1.96,2.02,2.06,2,2.07,1.93,1.86,2.15,2.04,1.93,1.97,1.88,1.97,NA,NA,NA
R1.0796.12.0.C,15,36.0192,-120.5776,4.101,0.372406600904355,-0.581874151761823,1984.18198509063,1990.80063098395,1992.94689977389,1995.34296832033,1999.45682466578,2002.16408537703,2003.904011289,2005.24613499461,2005.85698454274,2007.59564328545,2008.64761427406,2009.48103855847,2011.07822050672,2012.33474735504,2013.97943784088,NA,NA,NA,NA,NA,NA,NA,NA,NA,NA,NA,NA,NA,NA,NA,NA,NA,1.65,1.63,1.63,1.59,1.65,1.75,1.72,1.67,1.68,1.63,1.52,1.44,1.67,1.5,1.61,NA,NA,NA,NA,NA,NA,NA,NA,NA,NA,NA,NA,NA,NA,NA,NA,NA
R1.0802.10350.0.C,13,36.5638,-121.1603,5.993,80.3171914142976,-1.59239127097229,1989.06585659437,1991.11553909849,1991.1163397162,1995.51219337075,1996.7491292549,2002.03703276985,2005.56902659532,2005.56905897894,2006.46994902588,2008.4024259294,2008.40254077015,2011.84949344273,2011.84950410578,NA,NA,NA,NA,NA,NA,NA,NA,NA,NA,NA,NA,NA,NA,NA,NA,NA,NA,NA,1.31,1.15,1.18,1.39,1.17,1.08,1.15,0.75,0.85,1.11,1.23,1.2,1.18,NA,NA,NA,NA,NA,NA,NA,NA,NA,NA,NA,NA,NA,NA,NA,NA,NA,NA,NA
R1.0816.9690.0.C,14,35.7853,-120.3354,8.187,-33.5637837117349,-0.474650188686105,1991.19692302194,1993.81713454179,1996.21437841245,1999.96845791096,2004.74318646118,2004.75079246642,2004.79581789459,2004.96233899198,2005.55061814847,2006.40381685407,2008.18592019202,2010.09633734304,2011.09001656202,2013.62436209221,NA,NA,NA,NA,NA,NA,NA,NA,NA,NA,NA,NA,NA,NA,NA,NA,NA,NA,1.07,1.31,1.37,1.31,1.68,1.54,1.66,1.7,1.52,1.23,1.57,1.39,1.34,1.47,NA,NA,NA,NA,NA,NA,NA,NA,NA,NA,NA,NA,NA,NA,NA,NA,NA,NA
R1.0838.8441.0.CC,17,35.7622,-120.3116,7.863,-36.9105661217627,-0.465121908458148,2002.31871861365,2002.33797572679,2002.33797996924,2002.33875067542,2006.19518514016,2006.19699924436,2006.19725103152,2008.92846880566,2008.92855426533,2010.79153899829,2010.79157765252,2011.88844335807,2011.8885344882,2011.88881707192,2011.88890797089,2011.89054418506,2014.19484953038,NA,NA,NA,NA,NA,NA,NA,NA,NA,NA,NA,NA,NA,NA,NA,1.18,1.33,1.2,1.21,0.98,1.05,1.31,1.24,1.11,1.3,1.27,0.86,0.85,0.94,1.31,1.24,0.85,NA,NA,NA,NA,NA,NA,NA,NA,NA,NA,NA,NA,NA,NA,NA
R1.0854.6617.0.C,16,36.4559,-121.0332,4.968,63.8206062986731,-0.655745126420388,1984.85067869675,1986.46593832731,1988.13706566421,1989.86844803146,1991.84323106608,1993.5530665931,1995.13803982084,1997.03224982147,2001.0098488816,2003.15903547279,2005.05661667618,2006.95647561232,2008.94463816092,2010.96265794077,2012.37829606987,2014.0600766023,NA,NA,NA,NA,NA,NA,NA,NA,NA,NA,NA,NA,NA,NA,NA,NA,1.73,1.75,1.65,1.75,1.76,1.65,1.8,1.69,1.81,1.76,1.7,1.83,1.68,1.7,1.68,1.69,NA,NA,NA,NA,NA,NA,NA,NA,NA,NA,NA,NA,NA,NA,NA,NA
R1.0875.5385.1,15,36.4977,-121.0751,3.918,69.7871071734475,-0.521156599964229,1988.27552295556,1991.7295639355,1991.9211952115,1993.79928874144,1994.10421165271,1997.00332769026,1997.89017604737,2000.66084586685,2000.66085392949,2002.16585759925,2002.46660963851,2003.76511600171,2005.66140646309,2006.78840051846,2007.05819642345,NA,NA,NA,NA,NA,NA,NA,NA,NA,NA,NA,NA,NA,NA,NA,NA,NA,1.51,1.52,1.32,1.26,1.55,1.2,1.36,1.52,1.52,1.43,1.52,1.25,1.51,1.4,1.39,NA,NA,NA,NA,NA,NA,NA,NA,NA,NA,NA,NA,NA,NA,NA,NA,NA
R1.0882.5124.1.C,19,36.4792,-121.0573,4.913,67.189726021249,-0.632116686119176,1989.96163948567,1991.25141362284,1991.2517710534,1995.15997233257,1995.15999194508,1996.57183932845,1996.57202580165,1998.74882183124,2002.477226556,2002.47811051846,2004.16338841043,2005.88853993817,2005.88883749524,2007.83236310185,2009.63786598015,2011.37960167047,2011.3796359662,2013.19636135813,2013.19870109557,NA,NA,NA,NA,NA,NA,NA,NA,NA,NA,NA,NA,NA,1.19,1.24,1.22,1.29,1.3,1.37,1.08,1.03,0.99,0.97,1.04,1.18,1.23,0.98,1.13,1.11,1.19,1.13,1.11,NA,NA,NA,NA,NA,NA,NA,NA,NA,NA,NA,NA,NA
R1.0890.4931.1,14,36.5112,-121.0936,3.804,72.0016838504775,-0.816187510743603,1990.86674767567,1994.68347717022,1997.42593520389,1998.51317922818,2000.51394053361,2001.41698564847,2002.46881475108,2003.472221302,2005.57635459348,2006.75514048516,2007.94078752727,2008.8692311137,2010.86704651287,2014.24164651478,NA,NA,NA,NA,NA,NA,NA,NA,NA,NA,NA,NA,NA,NA,NA,NA,NA,NA,1.06,1.06,0.93,0.93,0.72,0.79,0.81,1.06,0.81,0.8,1.27,0.97,0.9,1.09,NA,NA,NA,NA,NA,NA,NA,NA,NA,NA,NA,NA,NA,NA,NA,NA,NA,NA
R1.0898.4791.0.C,25,36.4978,-121.0746,3.236,69.7665960124254,-0.479809634257983,1989.6138198795,1990.37094230498,1990.71090414035,1991.34613403222,1992.86895537214,1994.46412779395,1994.5264087722,1996.0530988214,1997.20052460363,1998.29683434107,2000.84952493043,2001.97749482179,2002.45297491185,2003.74615525463,2005.03691747622,2005.73703440227,2006.71039773497,2007.95938424943,2008.67498858088,2011.51480461441,2011.68285393709,2012.31548285804,2012.78966661101,2013.96315543189,2014.77706850805,NA,NA,NA,NA,NA,NA,NA,1.21,1.22,1.29,1.3,1.25,1.27,1.18,1.37,1.3,1.3,1.33,1.28,1.12,1.47,1.4,1.32,1.38,1.4,1.19,1.2,1.14,0.96,1.26,1.01,1.12,NA,NA,NA,NA,NA,NA,NA
R1.0904.4684.0.C,22,36.8852,-121.6228,7.91,134.270499666242,-9.86179566502,1984.56517512428,1990.29931700216,1990.33631270706,1990.59706088122,1990.64934002695,1993.89942862253,1994.97626630486,1996.40755571778,1998.61976291984,1998.62709059868,1999.44621351979,2002.57471140728,2002.5812273313,2005.53460658105,2007.15387008498,2007.50153428812,2007.5015987741,2007.63204521785,2007.78638228818,2009.7635950371,2012.41031527904,2013.90743058949,NA,NA,NA,NA,NA,NA,NA,NA,NA,NA,1.64,1.66,1.44,1.65,1.54,1.71,1.38,1.57,1.63,1.97,1.54,1.67,1.87,1.69,1.76,1.68,1.69,1.67,1.77,1.58,1.53,1.57,NA,NA,NA,NA,NA,NA,NA,NA,NA,NA
R1.0912.4487.0.C,14,36.4978,-121.0758,3.818,69.8361355029292,-0.561816751550637,1990.35537798262,1991.30470579116,1992.00123923327,1993.60070676338,1994.485745319,1995.57063291001,1996.34287098576,2003.42815932744,2007.08820043823,2009.26605021404,2010.17118412196,2011.20188998732,2012.87445427925,2013.89522449518,NA,NA,NA,NA,NA,NA,NA,NA,NA,NA,NA,NA,NA,NA,NA,NA,NA,NA,1.23,1.26,0.93,1.27,0.89,1.05,1.07,0.83,0.97,1.03,1.14,1.13,0.94,1.13,NA,NA,NA,NA,NA,NA,NA,NA,NA,NA,NA,NA,NA,NA,NA,NA,NA,NA
R1.0916.4312.2,14,36.4448,-121.0111,2.454,61.6000917683231,0.0600195837354462,1989.45347173389,1990.19823407027,1991.70522765157,1993.87196311644,1995.38694547755,1996.26191968858,1996.88326830127,2000.9642747448,2001.63080196569,2002.31102898497,2002.93688336758,2009.13501221303,2010.61401563864,2013.54203291001,NA,NA,NA,NA,NA,NA,NA,NA,NA,NA,NA,NA,NA,NA,NA,NA,NA,NA,1.1,0.75,0.94,0.82,1.3,1.18,1,0.99,0.97,1.07,1,0.85,0.78,0.88,NA,NA,NA,NA,NA,NA,NA,NA,NA,NA,NA,NA,NA,NA,NA,NA,NA,NA
R1.0944.3294.0.C,13,36.5981,-121.2056,6.184,85.8432170346474,-2.21686823410158,1986.52922636447,1988.37776778708,1995.30801894153,1995.35182298135,1998.6887667377,2000.4315777275,2005.90975098839,2008.39157208561,2009.05892035959,2011.67523432173,2011.91591732243,2013.41181797311,2014.64757101027,NA,NA,NA,NA,NA,NA,NA,NA,NA,NA,NA,NA,NA,NA,NA,NA,NA,NA,NA,1.33,1.37,1.54,1.5,1.3,1.12,1.18,1.2,1.13,1.32,1.22,1.25,0.99,NA,NA,NA,NA,NA,NA,NA,NA,NA,NA,NA,NA,NA,NA,NA,NA,NA,NA,NA
R1.0956.2998.0.C,13,36.6424,-121.2569,4.945,92.5612577963809,-2.52671902457453,1987.65446781266,1990.03227324233,1991.97530475457,1994.55779551211,1996.4723117344,2002.40717136701,2003.58498827816,2005.97260557014,2007.3015199667,2009.61709819793,2010.89489341641,2012.19883182775,2014.30295197267,NA,NA,NA,NA,NA,NA,NA,NA,NA,NA,NA,NA,NA,NA,NA,NA,NA,NA,NA,1.22,1.17,1.27,1.25,1.18,1.35,1.24,1.33,1.12,1.14,0.99,1.16,1.19,NA,NA,NA,NA,NA,NA,NA,NA,NA,NA,NA,NA,NA,NA,NA,NA,NA,NA,NA
R1.0965.2633.0.C,22,36.4979,-121.0759,3.918,69.8503939511117,-0.561473339619567,1986.95886335458,1990.83385992073,1991.90722686485,1994.58971564942,1997.18881920282,2000.6567102965,2003.69522506088,2006.30493075786,2007.44713338883,2008.81569431953,2010.10744428272,2010.63358572298,2010.76440731608,2010.7644703672,2010.86695919647,2012.10869463893,2013.02604609874,2013.02612049784,2013.02770508118,2013.23001809836,2014.69074919933,2014.69106883593,NA,NA,NA,NA,NA,NA,NA,NA,NA,NA,1.27,1.43,1.27,1.26,1.25,1.41,1.54,1.43,1.14,1.25,1.22,1.31,1.25,1.38,1.13,1.12,1.24,1.54,1.32,1.21,1.64,1.19,NA,NA,NA,NA,NA,NA,NA,NA,NA,NA
R1.0994.1646.1,13,36.4613,-121.038,5.331,64.5559544391951,-0.596671699859254,1985.19795922818,1990.94766499683,1992.89183502327,1994.75880378552,1996.88412105628,2000.40276480406,2002.44376092941,2002.87913380961,2005.79731710331,2007.04754901985,2009.18140654268,2009.1814070475,2013.05436410356,NA,NA,NA,NA,NA,NA,NA,NA,NA,NA,NA,NA,NA,NA,NA,NA,NA,NA,NA,1.18,1.35,1.22,1.54,1.49,0.97,1.5,1.04,1.31,1.27,1.33,1.21,1.35,NA,NA,NA,NA,NA,NA,NA,NA,NA,NA,NA,NA,NA,NA,NA,NA,NA,NA,NA
R1.1013.807.1.C,15,36.8208,-121.5437,5.681,124.2530414672,-9.15613678010645,1988.88651457574,1990.36648546487,1993.57131609684,1995.02148544584,1996.75469129193,1997.84414830004,1998.52506863616,2000.33475436241,2001.97833010654,2003.61634925609,2006.29898004408,2008.45595951667,2010.66291949264,2012.84088420518,2014.92446125159,NA,NA,NA,NA,NA,NA,NA,NA,NA,NA,NA,NA,NA,NA,NA,NA,NA,2.25,1.85,2,1.78,2.17,2.04,1.96,2.32,2.16,2.13,2.21,2.11,2.14,2.32,2.35,NA,NA,NA,NA,NA,NA,NA,NA,NA,NA,NA,NA,NA,NA,NA,NA,NA
R1.1030.294.0,12,37.2957,-121.6716,4.648,171.666013756252,16.5199693972586,1984.35877743024,1984.5391762001,1984.68974498077,1985.0386517656,1985.43694436327,1985.9541839726,1986.53154855181,1987.05631316464,1990.04355028253,1993.17538441939,1995.95742238521,2000.18164959238,NA,NA,NA,NA,NA,NA,NA,NA,NA,NA,NA,NA,NA,NA,NA,NA,NA,NA,NA,NA,0.98,1.17,0.96,1.12,1.2,1.08,1.05,0.95,1.12,1.22,1.25,1.36,NA,NA,NA,NA,NA,NA,NA,NA,NA,NA,NA,NA,NA,NA,NA,NA,NA,NA,NA,NA
R1.1041.11818.0.C,13,36.0463,-120.6154,3.29,4.86607322952408,-1.2576806616165,1988.76356855077,1997.76893160959,2005.74805272007,2006.17067500539,2006.93906571601,2007.4186614726,2008.63544389863,2009.52280331748,2009.86113710268,2010.31611642472,2011.06180854452,2012.04724859815,2014.00025944762,NA,NA,NA,NA,NA,NA,NA,NA,NA,NA,NA,NA,NA,NA,NA,NA,NA,NA,NA,1.35,1.31,1.48,1.26,1.35,1.17,1.25,0.91,1,1.26,1.25,1.22,1.26,NA,NA,NA,NA,NA,NA,NA,NA,NA,NA,NA,NA,NA,NA,NA,NA,NA,NA,NA
R1.1046.11610.0.CC.1,14,37.4158,-121.7641,5.954,187.11646623036,18.9942039309027,NA,NA,NA,NA,NA,NA,NA,NA,NA,NA,NA,NA,NA,NA,NA,NA,NA,NA,NA,NA,NA,NA,NA,NA,NA,NA,NA,NA,NA,NA,NA,NA,NA,NA,NA,NA,NA,NA,NA,NA,NA,NA,NA,NA,NA,NA,NA,NA,NA,NA,NA,NA,NA,NA,NA,NA,NA,NA,NA,NA,NA,NA,NA,NA
R1.1095.8251.0,15,36.5606,-121.1583,6.28,79.9306346838146,-1.68583711181423,1991.56710502378,1993.42709010084,1994.33243371258,1995.44778431824,1996.32546138117,1996.32567226112,1996.91080730779,2000.4483188221,2001.24384629756,2001.24514910895,2001.78705842371,2004.7298371882,2005.3275227429,2007.18830672723,2009.40165757008,NA,NA,NA,NA,NA,NA,NA,NA,NA,NA,NA,NA,NA,NA,NA,NA,NA,0.98,0.98,1.07,1.24,1,0.99,1.01,0.92,0.97,1.15,0.7,1.01,0.84,0.76,0.89,NA,NA,NA,NA,NA,NA,NA,NA,NA,NA,NA,NA,NA,NA,NA,NA,NA
R1.1096.8217.0.C,13,36.6704,-121.2935,3.96,97.0487191278627,-3.00386471925125,1984.29194758842,1986.49780429668,1996.21759591998,1999.30790553716,2000.77017295177,2001.65084897894,2002.36772960458,2003.96769397197,2005.80637384671,2005.80669558505,2007.55648679573,2009.10981643582,2010.2952584922,NA,NA,NA,NA,NA,NA,NA,NA,NA,NA,NA,NA,NA,NA,NA,NA,NA,NA,NA,1.32,1.1,1.3,1.28,1.52,1.02,1.16,1.29,1.32,1,1.1,1.4,1.24,NA,NA,NA,NA,NA,NA,NA,NA,NA,NA,NA,NA,NA,NA,NA,NA,NA,NA,NA
R1.1168.4896.0.C,12,36.6447,-121.2625,5.541,93.0802449836123,-2.74263344422575,1986.42103959126,1990.89299499905,1991.93719266774,1995.07969430587,1996.54965639894,2002.02694621924,2002.0735008346,2006.74528264682,2006.9839098424,2012.17573174522,2013.64562979833,2013.64591719685,NA,NA,NA,NA,NA,NA,NA,NA,NA,NA,NA,NA,NA,NA,NA,NA,NA,NA,NA,NA,1.28,0.88,1.3,1.13,1.31,1.46,1.32,1.16,1.29,1.23,1.53,1.25,NA,NA,NA,NA,NA,NA,NA,NA,NA,NA,NA,NA,NA,NA,NA,NA,NA,NA,NA,NA
R1.1178.4735.1,12,36.7086,-121.3456,2.631,103.295623314054,-3.79796467660296,1990.67284691876,1991.86514106703,1995.23078072647,1997.79271750507,2000.80148123292,2002.48760519723,2004.33212554898,2005.71780005898,2008.48215534463,2010.12831881913,2011.81986143423,2014.1001328783,NA,NA,NA,NA,NA,NA,NA,NA,NA,NA,NA,NA,NA,NA,NA,NA,NA,NA,NA,NA,1.68,1.8,1.96,1.91,1.94,1.9,1.85,1.75,1.74,1.77,1.72,1.71,NA,NA,NA,NA,NA,NA,NA,NA,NA,NA,NA,NA,NA,NA,NA,NA,NA,NA,NA,NA
R1.1250.2923.0.CC,22,36.6527,-121.2722,5.27,94.318531604474,-2.82758090782376,1987.45626366597,1989.90484840944,1990.57206768867,1992.41179679468,1992.41393123008,1992.41398489235,1994.50535815544,1995.39865550419,1997.11869124937,1997.12434561485,1999.25517824074,1999.61167280473,2001.29147660737,2002.00252427829,2005.58433582128,2005.74265649829,2008.5671386125,2008.60330301811,2011.5498437037,2011.57962274956,2013.23046089105,2014.05639456367,NA,NA,NA,NA,NA,NA,NA,NA,NA,NA,1.23,0.9,1.12,1.45,1.22,1.17,0.9,1.47,1.11,1.24,1.09,1.09,1.23,1.17,1.33,1.35,1.24,1.03,1.31,1.29,1.12,1.26,NA,NA,NA,NA,NA,NA,NA,NA,NA,NA
R1.1292.1823.0.C,12,36.6399,-121.2542,4.751,92.1934821214471,-2.52266549039753,1986.03057471398,1986.45876159849,1988.00732200244,1991.9282749908,1995.21852295757,1998.13895069793,2002.33583427385,2004.74349668305,2007.00467160198,2009.22915836155,2012.30011927052,2014.04774310756,NA,NA,NA,NA,NA,NA,NA,NA,NA,NA,NA,NA,NA,NA,NA,NA,NA,NA,NA,NA,1.87,1.86,1.8,1.98,1.97,1.93,1.97,1.96,1.91,1.75,1.93,1.68,NA,NA,NA,NA,NA,NA,NA,NA,NA,NA,NA,NA,NA,NA,NA,NA,NA,NA,NA,NA
R1.1335.516.1,14,36.4375,-121.0121,5.652,61.0398645613943,-0.531931226480534,1993.42256676655,1994.1734294993,1995.75494387684,1996.07954751221,1996.07967494339,1996.82281289244,1997.68337143677,1997.68347012969,1997.86119621353,1999.17165997083,2001.19659072964,2006.7111283549,2007.95890155822,2010.41863353057,NA,NA,NA,NA,NA,NA,NA,NA,NA,NA,NA,NA,NA,NA,NA,NA,NA,NA,0.77,0.77,0.88,1,1,1,1.03,1.03,0.8,0.99,1.02,1.1,1.24,0.9,NA,NA,NA,NA,NA,NA,NA,NA,NA,NA,NA,NA,NA,NA,NA,NA,NA,NA
R1.1362.11528.0.C,14,35.9911,-120.5537,3.592,-3.40125899127164,-0.935148230265467,2000.79547725916,2001.77180764555,2004.86970218137,2005.38090995592,2005.60084514301,2005.8401401503,2006.30903920916,2007.27815048421,2007.90581070427,2008.56015316168,2009.65823231513,2012.18219307991,2013.08391955543,2014.78088123732,NA,NA,NA,NA,NA,NA,NA,NA,NA,NA,NA,NA,NA,NA,NA,NA,NA,NA,1.14,1.13,1.31,1.12,1.05,1.09,1.09,1.08,0.8,1.05,0.96,1.04,1.06,0.91,NA,NA,NA,NA,NA,NA,NA,NA,NA,NA,NA,NA,NA,NA,NA,NA,NA,NA
R1.1492.6732.1,14,36.9218,-121.6544,7.574,139.187071987961,-9.35413708547333,1989.85865283834,1990.27225340056,1990.29698267757,1990.30310122083,1990.35952297279,1990.5096473386,1991.14505584887,1992.09340394088,1992.90339190447,1994.25648463058,1995.24685231608,1997.39382433219,1999.79009593702,2008.10319162556,NA,NA,NA,NA,NA,NA,NA,NA,NA,NA,NA,NA,NA,NA,NA,NA,NA,NA,0.92,0.92,0.85,0.91,0.91,0.75,0.93,0.77,0.93,0.88,0.95,1.11,1.14,0.92,NA,NA,NA,NA,NA,NA,NA,NA,NA,NA,NA,NA,NA,NA,NA,NA,NA,NA
R1.1551.5329.0,13,36.3408,-120.9157,3.741,47.2612979703212,-0.859261790126602,1984.57552153632,1990.64261733765,1991.6392626335,1994.41201909659,1995.37925257325,1996.97839964108,1998.2152056269,2001.34412083143,2009.12638118087,2010.03943502378,2012.59362532667,2013.24597093512,2014.01202437183,NA,NA,NA,NA,NA,NA,NA,NA,NA,NA,NA,NA,NA,NA,NA,NA,NA,NA,NA,1.56,1.49,1.39,1.55,1.37,1.68,1.66,1.47,1.63,1.54,1.43,1.49,1.34,NA,NA,NA,NA,NA,NA,NA,NA,NA,NA,NA,NA,NA,NA,NA,NA,NA,NA,NA
R1.1557.5234.0.C,12,36.6388,-121.2542,5.607,92.1005280104048,-2.60179089653124,1986.62545968924,1991.43883975932,1994.11532833365,1995.39291197013,1996.08594134411,1999.46010615741,2002.48281477581,2007.16052857306,2009.03997874112,2011.03106264428,2013.50381509481,2013.50616997717,NA,NA,NA,NA,NA,NA,NA,NA,NA,NA,NA,NA,NA,NA,NA,NA,NA,NA,NA,NA,0.96,1.14,1.18,1.19,1.04,1.08,1.28,1.29,1.03,1.05,1.33,1.25,NA,NA,NA,NA,NA,NA,NA,NA,NA,NA,NA,NA,NA,NA,NA,NA,NA,NA,NA,NA
R1.1570.5040.0.C,18,36.5406,-121.1311,6.189,76.6624602260212,-1.26607766018649,1985.20412473269,1987.63428391172,1989.06882591546,1991.0870644955,1992.20827508886,1994.36269025178,1996.05456983246,1997.56725135337,1999.98922203101,2000.18330793425,2001.63479656456,2003.88344229579,2005.89219802131,2008.57416392937,2010.20937505074,2011.4334557937,2013.32088426972,2014.49929028697,NA,NA,NA,NA,NA,NA,NA,NA,NA,NA,NA,NA,NA,NA,1.34,1.48,1.27,1.39,1.33,1.38,1.33,1.43,1.09,1.27,1.28,1.43,1.48,1.14,1.22,1.08,1.38,1.12,NA,NA,NA,NA,NA,NA,NA,NA,NA,NA,NA,NA,NA,NA
R1.1684.2787.0.C,17,36.6,-121.2035,5.844,85.8821160983353,-1.93711689389557,1985.74638052353,1986.84322072806,1987.18998179002,1987.89755884069,1994.38003231957,1994.38030996797,1994.38166159754,1995.3328785182,2001.7445057512,2003.76885778571,2004.91441855963,2005.09639783137,2010.16299004027,2011.65357746924,2011.65692560534,2014.76410059678,2014.7647083809,NA,NA,NA,NA,NA,NA,NA,NA,NA,NA,NA,NA,NA,NA,NA,1.86,1.78,1.73,1.76,1.9,1.58,1.52,1.77,1.55,1.57,1.68,1.67,1.6,1.83,1.73,1.6,1.65,NA,NA,NA,NA,NA,NA,NA,NA,NA,NA,NA,NA,NA,NA,NA
R1.1739.1487.0,15,36.2328,-120.7953,7.415,31.1262179889353,-0.323548078052982,1984.2081600511,1985.60241576516,1986.72173940069,1988.24102943167,1989.1015082604,1991.35217877315,1992.30220677716,1994.02823596366,1995.98556450913,1996.78939191333,1997.7158775761,1999.51069982243,2000.09962322752,2001.79383139206,2002.63618818588,NA,NA,NA,NA,NA,NA,NA,NA,NA,NA,NA,NA,NA,NA,NA,NA,NA,0.87,1.06,1.1,1.03,1.19,1.09,1.09,1.07,1.16,1.3,1.23,1.24,1.27,1.27,1.24,NA,NA,NA,NA,NA,NA,NA,NA,NA,NA,NA,NA,NA,NA,NA,NA,NA
R1.1771.733.0,14,36.4837,-121.0615,4.984,67.8140275425796,-0.596329122623217,1984.68536211325,1993.45553915145,1994.77353932236,1996.34151626379,2001.9911818138,2003.31932618214,2004.61082352067,2006.30684499493,2007.74191466166,2008.88137039725,2010.62871621068,2012.06293487686,2013.69007029395,2014.70154524353,NA,NA,NA,NA,NA,NA,NA,NA,NA,NA,NA,NA,NA,NA,NA,NA,NA,NA,1.89,1.82,1.86,1.95,1.91,1.92,1.98,2.04,2.02,1.89,1.82,1.85,1.75,1.75,NA,NA,NA,NA,NA,NA,NA,NA,NA,NA,NA,NA,NA,NA,NA,NA,NA,NA
R1.1772.722.0,17,37.2739,-121.6524,5.928,168.72113967191,16.2357675323209,1984.6746092074,1984.79989860985,1985.01866251427,1985.22569842339,1985.23308933758,1987.04470626237,1987.66033735826,1988.36511634885,1989.02672103691,1991.20834583746,1999.07608816527,2000.89823695007,2002.54909009418,2004.51477900507,2010.8049570716,2012.00179468288,2012.87864088463,NA,NA,NA,NA,NA,NA,NA,NA,NA,NA,NA,NA,NA,NA,NA,1.18,1.35,1.52,1.42,1.58,1.62,1.35,1.45,1.54,1.27,1.42,1.65,1.6,1.58,1.37,1.6,1.44,NA,NA,NA,NA,NA,NA,NA,NA,NA,NA,NA,NA,NA,NA,NA
R1.1818.11852.0.CC,16,36.0349,-120.6003,3.563,3.02223518704551,-1.02901143172705,2004.90044319723,2005.40441419869,2006.06682569413,2006.70997141933,2007.407346198,2008.34378516621,2008.85911074555,2009.0672869863,2009.51221423706,2010.13507693081,2010.2814601243,2011.21801013477,2012.8828103588,2013.41680231577,2013.72125628964,2014.73708360857,NA,NA,NA,NA,NA,NA,NA,NA,NA,NA,NA,NA,NA,NA,NA,NA,1.55,1.25,1.31,1.34,1.19,1.26,1.1,1.22,0.91,1.43,1.2,1.17,1.19,1.23,1.17,1.23,NA,NA,NA,NA,NA,NA,NA,NA,NA,NA,NA,NA,NA,NA,NA,NA
R1.1935.10274.0.CC,12,36.0321,-120.5984,4.181,2.67417749059008,-1.097638668104,2004.12881598645,2004.81641054822,2005.39364387747,2005.90552903856,2005.90573379154,2006.19000612728,2008.22021388383,2009.4608370104,2010.16971014808,2012.15692383564,2012.834527299,2014.43250238489,NA,NA,NA,NA,NA,NA,NA,NA,NA,NA,NA,NA,NA,NA,NA,NA,NA,NA,NA,NA,1.45,1.73,1.81,1.81,1.52,1.27,1.5,1.66,1.72,1.5,1.2,1.62,NA,NA,NA,NA,NA,NA,NA,NA,NA,NA,NA,NA,NA,NA,NA,NA,NA,NA,NA,NA
R1.1980.9863.0.C,14,35.9252,-120.4739,4.635,-13.6298759590707,-0.114484412906252,1986.97780362919,2003.65843506596,2004.84919053171,2005.15570730594,2005.39099624461,2005.63896651478,2005.79478955892,2005.93851988331,2007.67167499841,2008.6036602361,2010.7318033476,2010.7322757566,2012.54341846761,2012.5434188806,NA,NA,NA,NA,NA,NA,NA,NA,NA,NA,NA,NA,NA,NA,NA,NA,NA,NA,1.03,1.03,1.11,1.25,1.23,1.2,1.28,1.23,1.01,1.02,1.24,1,0.97,1.2,NA,NA,NA,NA,NA,NA,NA,NA,NA,NA,NA,NA,NA,NA,NA,NA,NA,NA
R1.2189.7517.1,13,36.6185,-121.2243,4.43,88.6516424997589,-2.02474644150293,1986.18824015094,1987.71643869324,1987.71644156298,1989.201260332,1995.19199071823,1995.69841842846,1998.3629369473,1999.73824063388,2000.61737721583,2001.99749343702,2005.89067637589,2007.51834924562,2011.22238156202,NA,NA,NA,NA,NA,NA,NA,NA,NA,NA,NA,NA,NA,NA,NA,NA,NA,NA,NA,1.56,1.58,1.47,1.53,1.87,1.37,1.64,1.61,1.68,1.55,1.78,1.61,1.81,NA,NA,NA,NA,NA,NA,NA,NA,NA,NA,NA,NA,NA,NA,NA,NA,NA,NA,NA
R1.2303.6236.0,16,36.5844,-121.1834,2.02,83.3981116858675,-1.68786928014497,1987.35393568018,1990.63735909595,1992.32846771023,1993.65896551592,1995.03890916096,1995.96941945237,1997.20830310058,1998.63551350457,2001.8288800279,2003.09038225076,2004.88171826838,2006.09094486111,2007.57116613331,2011.14248258245,2012.51806302842,2013.55767408644,NA,NA,NA,NA,NA,NA,NA,NA,NA,NA,NA,NA,NA,NA,NA,NA,1.51,1.47,1.52,1.51,1.6,1.54,1.58,1.59,1.49,1.64,1.59,1.62,1.53,1.45,1.35,1.25,NA,NA,NA,NA,NA,NA,NA,NA,NA,NA,NA,NA,NA,NA,NA,NA
R1.2520.4015.0,13,36.4155,-120.9929,5.708,58.0640679014946,-0.795352381591336,1989.86976767916,1991.09454953006,1992.05250123141,2000.89851537676,2003.14728173611,2004.57385570039,2004.58673027253,2005.71105833555,2008.26617935641,2011.05770616343,2012.54183724037,2012.54791562405,2013.61171635464,NA,NA,NA,NA,NA,NA,NA,NA,NA,NA,NA,NA,NA,NA,NA,NA,NA,NA,NA,1.08,1.23,1.18,0.96,1.16,1.06,1.43,1.03,0.92,0.94,0.92,0.95,1.24,NA,NA,NA,NA,NA,NA,NA,NA,NA,NA,NA,NA,NA,NA,NA,NA,NA,NA,NA
R1.2531.3846.0.C,12,36.4363,-121.0032,0.744,60.4225142444898,-0.00893449977560223,1985.84610232655,1988.40449271244,1989.58755131501,1990.7108466803,1997.42273769058,1998.65760988838,1999.49105768772,2003.83273475552,2011.153576543,2012.24651108423,2013.25073939307,2014.26951131944,NA,NA,NA,NA,NA,NA,NA,NA,NA,NA,NA,NA,NA,NA,NA,NA,NA,NA,NA,NA,1.26,1.35,1.35,1.36,1.41,1.32,1.36,1.51,1.43,1.33,1.35,1.32,NA,NA,NA,NA,NA,NA,NA,NA,NA,NA,NA,NA,NA,NA,NA,NA,NA,NA,NA,NA
R1.2639.2734.0.C,30,36.6083,-121.2126,4.185,87.1112516002145,-1.96074209266756,1984.2971806656,1984.75325966309,1987.106664935,1988.39482288251,1988.39487935356,1989.27294324486,1989.83889982306,1990.23827098776,1991.45602896246,1991.93564905315,1993.4121363613,1993.58709208714,1995.0458210924,1997.03462700438,1998.2803014057,1999.47229334253,1999.47379552131,2003.6425717266,2004.93995217757,2005.2418625872,2005.47664644565,2006.6150742748,2006.96501447615,2008.33697577508,2011.14336250602,2012.09937407534,2013.06681986175,2013.06707562849,2014.43109385084,2014.44059410578,NA,NA,1.2,1.08,1.01,0.87,1.01,0.89,1.18,0.91,1.17,0.95,1.11,0.85,1.1,0.97,1.13,1.09,1.01,1.31,1.26,1.11,1.07,1.17,0.96,0.95,0.97,0.87,0.87,1.03,0.87,0.97,NA,NA
R1.2694.1948.0,23,36.4355,-121.0133,5.535,60.9400446726573,-0.757480345050137,1984.78670019859,1986.11554070745,1987.52615062151,1988.57205283502,1989.02577777746,1990.64109133054,1991.78356005296,1992.29123722804,1993.52524368468,1994.6864371347,1995.96505041128,1997.82759430143,1998.7576571791,2000.57554057725,2001.48236729991,2002.49050285705,2003.18645089358,2005.13447939593,2005.97808856894,2006.99624170028,2007.98915680302,2008.63376580051,2010.62379494102,NA,NA,NA,NA,NA,NA,NA,NA,NA,1.87,1.78,1.86,1.85,1.62,1.94,1.69,1.85,1.7,1.95,1.92,2,1.72,1.79,1.61,1.63,1.91,1.84,1.91,2.03,2.04,1.67,1.78,NA,NA,NA,NA,NA,NA,NA,NA,NA
R1.2922.11911.0.C,25,36.0359,-120.6004,3.099,3.11300913513516,-0.964563511841742,1990.43391415145,1991.64194092529,1994.8054580045,1997.50806464802,2002.54209738584,2006.92569064054,2007.26701490994,2007.39815078323,2008.3611791167,2008.56306697815,2009.32794748573,2009.43044965088,2009.43179042523,2010.12896257769,2010.93290766299,2010.93308519406,2011.80822578196,2011.83778396911,2012.07474490077,2012.61065762213,2013.41624069349,2013.41625458397,2014.23275723776,2014.23275998795,2014.8879910645,NA,NA,NA,NA,NA,NA,NA,1.13,1.35,1.1,1.41,1.42,1.23,1.02,1.1,0.85,1.26,1.11,1.2,1.23,0.98,1.28,1.3,1.1,1.22,0.93,1.02,1.07,1.18,0.88,1.18,1.17,NA,NA,NA,NA,NA,NA,NA
R1.4971.7580.0,32,36.5709,-121.1636,3.144,81.1089135140228,-1.30740613001782,1984.73796416369,1988.16703037119,1988.76274790149,1989.40221537005,1989.85091556412,1990.35097823408,1990.90740278095,1991.54738835902,1992.95676360808,1994.19638917523,1995.06642805207,1995.63815108511,1996.48408592865,1996.75867431726,1997.2933301262,1997.99679297121,1998.63194007293,1999.98308097856,2001.03997031805,2001.65309635337,2003.18987556317,2003.99795123446,2005.93609050197,2006.44596978247,2007.21198192415,2007.61713153761,2008.68637231456,2009.3652661146,2010.50857001903,2011.24381644755,2012.25226967434,2013.12681996068,1.18,1.05,1.14,1.15,1.08,1.14,1.31,1.34,1.26,1.33,1.42,1.41,1.48,1.21,1.19,1.32,1.42,1.27,1.3,1.21,1.48,1.42,1.48,1.23,1.3,1.25,1.45,1.16,1.18,1.18,1.24,1.08
R1.5039.7401.0,22,36.5879,-121.1873,3.01,83.920101565203,-1.70228763859092,1987.25852494483,1988.55064658027,1990.00566152683,1990.8448736238,1992.52249994213,1993.12767366438,1993.89273919901,1994.66157029332,1995.34103283581,1995.74764952499,1997.05859965214,1998.16566627378,1999.4501445196,2000.62409103831,2004.0547026614,2005.37606795186,2005.96116004122,2007.36871424277,2008.80220012017,2011.08276185407,2013.26152058917,2014.90268309139,NA,NA,NA,NA,NA,NA,NA,NA,NA,NA,1.08,1.15,1.19,1,0.98,0.9,1,1.15,0.98,1.17,1.02,1.22,1.16,1.04,1.13,1.07,0.96,1.13,1.08,1.08,0.96,0.88,NA,NA,NA,NA,NA,NA,NA,NA,NA,NA
R1.5418.6534.0.CC,14,36.4464,-121.0101,0.978,61.6776404300637,0.243186691188907,1987.53148143804,1993.54943035769,1996.75793209371,2005.42594073979,2009.00075292111,2009.00254147736,2011.34122585299,2011.3413007252,2012.38552115304,2013.56015189529,2014.09017043347,2014.28232135274,2014.28232613521,2014.86481309488,NA,NA,NA,NA,NA,NA,NA,NA,NA,NA,NA,NA,NA,NA,NA,NA,NA,NA,1.71,1.46,1.29,1.47,1.59,1.14,1.26,1.53,1.35,1.05,1.49,1.69,1.29,1.33,NA,NA,NA,NA,NA,NA,NA,NA,NA,NA,NA,NA,NA,NA,NA,NA,NA,NA
R1.6096.4558.0,12,36.4804,-121.0605,6.888,67.4767467883312,-0.764774459163945,1990.42132544996,1994.15455895992,2005.77678316654,2007.93613507198,2010.20128385654,2010.80018826674,2011.67861720827,2012.07371409918,2012.74508700288,2013.49618991755,2014.05084050926,2014.66503368848,NA,NA,NA,NA,NA,NA,NA,NA,NA,NA,NA,NA,NA,NA,NA,NA,NA,NA,NA,NA,1.27,1.3,1.04,1.27,1.13,1.47,1.31,1.13,1.26,1.3,1.2,1.21,NA,NA,NA,NA,NA,NA,NA,NA,NA,NA,NA,NA,NA,NA,NA,NA,NA,NA,NA,NA
R1.6526.3100.1,18,36.5955,-121.2038,8.005,85.5190719530044,-2.28106080190934,1984.18432251537,1986.05976882293,1987.85910069349,1988.20494817819,1989.45033661783,1990.74732701801,1995.34027068335,1995.68996187437,1996.11645865905,2000.33222437323,2002.74006095383,2002.89639865614,2003.50940938261,2004.46143058908,2005.83445653951,2006.95826700564,2008.4474491857,2009.39003385972,NA,NA,NA,NA,NA,NA,NA,NA,NA,NA,NA,NA,NA,NA,1.16,1.4,1.22,1.07,1.23,1.16,1.29,1.33,1.07,1.18,1.29,1.03,1.28,1.17,1.08,0.96,1.13,0.98,NA,NA,NA,NA,NA,NA,NA,NA,NA,NA,NA,NA,NA,NA
R1.6803.2240.0,16,36.4743,-121.0546,6.122,66.6184766493272,-0.79912011733245,1991.52999558441,1993.76263145707,1995.05681765823,1996.00876130812,1997.70422524956,1999.6384686498,2001.19904255676,2002.24048846651,2003.66636474283,2006.28688153634,2007.86527291001,2008.76574938936,2010.23206287132,2011.28019308758,2012.77827860947,2014.0448616803,NA,NA,NA,NA,NA,NA,NA,NA,NA,NA,NA,NA,NA,NA,NA,NA,1.72,1.8,1.89,1.84,1.95,1.77,1.85,2,1.92,1.92,1.87,1.76,1.87,1.88,1.88,1.76,NA,NA,NA,NA,NA,NA,NA,NA,NA,NA,NA,NA,NA,NA,NA,NA
R2.0002.57.1,28,36.4693,-121.0479,5.536,65.8069364612072,-0.699753704338761,1985.10920639174,1985.76017596081,1986.78060447552,1987.27471094559,1988.79665585819,1990.41714604262,1991.84675271721,1992.79618541698,1994.23947171613,1995.35124944952,1996.33436682794,1996.8145522424,1997.73872269121,1998.45082839929,1999.66565616375,2000.8469889183,2002.99423685788,2003.92558353406,2004.74607359403,2005.8934522774,2006.52035773814,2007.50408406932,2008.15534418988,2008.95968732038,2009.55296532471,2011.58154992865,2012.31573102674,2013.60301124429,NA,NA,NA,NA,2.23,2.24,2.22,1.7,2.32,2.29,2.35,2.26,2.33,2.3,2.28,1.98,2.16,1.97,2.41,2.2,2.21,2.16,2.24,2.35,2.15,2.27,2.2,2.15,1.9,2.2,2.07,2.15,NA,NA,NA,NA
R2.0002.57.2,13,36.4703,-121.0485,5.341,65.9263618807043,-0.669033395448544,1984.26908346394,1985.53330939688,1988.93677920082,1996.3340273047,2001.34669029966,2002.46226910578,2004.11836175053,2005.96587030632,2007.61130352613,2008.96140115203,2010.50112924404,2012.35932223709,2014.1975621531,NA,NA,NA,NA,NA,NA,NA,NA,NA,NA,NA,NA,NA,NA,NA,NA,NA,NA,NA,2.21,2.08,2.26,2.38,2.28,2.12,2.24,2.26,2.34,2.18,2.26,2.17,2.13,NA,NA,NA,NA,NA,NA,NA,NA,NA,NA,NA,NA,NA,NA,NA,NA,NA,NA,NA
R2.0003.1827.1.C,20,36.5802,-121.1759,5.331,82.6082634346308,-1.4781815047689,1986.0360351966,1988.22500855817,1991.54490936422,1991.5648525631,1991.56595696125,1995.30841204116,1995.83082741058,1997.30380583524,2003.31396750571,2003.31402765601,2004.69448644695,2008.16090144961,2011.42852289035,2011.64925321474,2011.64925926211,2011.65339069096,2011.66013113489,2012.2679553051,2012.26799724436,2014.71961819349,NA,NA,NA,NA,NA,NA,NA,NA,NA,NA,NA,NA,2.71,2.54,1.96,2.39,2.43,2.53,2.28,2.51,2,2.56,2.61,2.24,2.37,2.44,2.45,2.42,2.15,2.33,2.21,2.32,NA,NA,NA,NA,NA,NA,NA,NA,NA,NA,NA,NA
R2.0004.1161.0,24,36.4088,-120.9889,5.422,57.26478806782,-1.00186493406061,1985.92607624524,1987.05380530695,1988.01592776861,1988.85393809641,1990.28509977074,1991.25094640094,1992.22292263649,1992.87649694141,1994.1694569343,1995.2821327708,1996.01205314271,1996.79523525444,1997.88488046804,1999.58402495497,1999.83737722191,2000.6537802602,2001.53346481925,2002.58254633118,2003.84050280822,2004.69893232108,2005.74849987221,2006.79256255803,2007.7852652356,2008.77883489204,NA,NA,NA,NA,NA,NA,NA,NA,1.92,2.14,2.09,2.12,2.08,1.91,2.07,1.94,2.11,2.05,2.14,2.13,1.97,2.22,1.98,1.87,2.14,1.97,2.1,2.16,2.2,1.96,2.15,2.28,NA,NA,NA,NA,NA,NA,NA,NA
R2.0016.2203.2,13,35.9838,-120.5437,3.206,-4.60140934597957,-0.764702620983205,1986.44065930016,1989.51597461948,1992.84069226087,1995.54627619641,1998.00081051497,2000.60831100296,2003.80130473015,2004.74642677026,2004.93525506635,2005.53739197584,2006.8358075482,2008.96793853566,2013.60462043062,NA,NA,NA,NA,NA,NA,NA,NA,NA,NA,NA,NA,NA,NA,NA,NA,NA,NA,NA,1.91,1.92,2.06,2.12,2.1,2.14,2.18,2.11,2.12,2.09,2.03,2.09,2.07,NA,NA,NA,NA,NA,NA,NA,NA,NA,NA,NA,NA,NA,NA,NA,NA,NA,NA,NA
R2.0016.2203.3,15,35.982,-120.5449,3.068,-4.68489808852817,-0.975968804613049,1990.2648933698,1992.84069328324,1995.54632201104,1998.00219294901,2001.20587977169,2003.80376761955,2004.74642322784,2004.81248672555,2005.06117567542,2005.43969879027,2006.07400670852,2007.40945475679,2008.96568071557,2011.12760066178,2013.6046215059,NA,NA,NA,NA,NA,NA,NA,NA,NA,NA,NA,NA,NA,NA,NA,NA,NA,1.73,1.9,2.12,2.1,1.93,2.03,1.97,1.7,1.79,1.47,1.99,1.94,1.84,1.5,1.8,NA,NA,NA,NA,NA,NA,NA,NA,NA,NA,NA,NA,NA,NA,NA,NA,NA
R2.0018.1204.1.C,25,36.4748,-121.0444,2.022,66.0697267065053,-0.0658214235852057,1985.21385144343,1987.2576939317,1988.74316473512,1989.84372328767,1990.825459349,1992.66905369137,1993.98848156012,1995.01431587297,1996.28319977136,1997.6084926094,1998.64542289986,1999.67581439847,2001.01475928146,2002.11674094685,2003.27852839295,2004.10714628744,2004.45754589943,2005.33967363553,2006.81573359113,2007.97498002664,2009.27077288369,2010.42988226979,2011.6901548776,2012.7371280918,2013.98423473808,NA,NA,NA,NA,NA,NA,NA,2.19,2.31,2.14,2.02,2.05,2.15,2.13,2.04,2.22,2.18,2.06,2.16,2.09,2.16,2.07,1.92,1.87,2.09,2.24,2.22,2.24,2.13,2.07,1.97,2.03,NA,NA,NA,NA,NA,NA,NA
R2.0024.919.0,21,36.3074,-120.8849,4.925,42.6452365705095,-1.13851480095881,1984.90534524261,1985.63414694888,1987.11307561485,1988.15470063689,1990.06311580638,1991.12418375444,1992.56986782091,1993.99495815798,1995.44939824772,1996.62917920714,1997.91538163274,1999.54385250634,2001.2836892304,2002.32888208841,2003.43865832509,2005.22369432363,2006.52158874366,2007.41150799721,2009.07669583999,2012.97284006464,2014.29106411117,NA,NA,NA,NA,NA,NA,NA,NA,NA,NA,NA,2.07,1.7,2.03,1.92,2.02,1.93,2.01,2.03,2.13,2.13,2.13,2.13,2.14,2.01,2.12,2.09,2.17,2.07,2.24,1.86,1.97,NA,NA,NA,NA,NA,NA,NA,NA,NA,NA,NA
R2.0028.1811.2,23,36.4969,-121.0724,3.142,69.5629362422601,-0.394053959498954,1984.68757497755,1985.66517337995,1986.01134614314,1987.46368113331,1989.26443276065,1990.89393954972,1991.95804359589,1992.16147040958,1993.81144104959,1995.30610507991,1997.19592452879,1998.29422834031,1999.5757644029,2000.61818227206,2001.87433027144,2003.22975370592,2004.60846309894,2006.15853642472,2007.22403412513,2008.03859873634,2009.54933146055,2011.51479806348,2013.28846569793,NA,NA,NA,NA,NA,NA,NA,NA,NA,2.19,1.8,2.26,2.38,2.52,2.51,1.77,2.18,2.54,2.46,2.48,2.25,2.4,2.28,2.41,2.46,2.36,2.27,2.25,2.06,2.43,2.56,2.44,NA,NA,NA,NA,NA,NA,NA,NA,NA
R2.0029.463.1.C,22,36.7144,-121.3569,2.721,104.440557673649,-4.14851417470681,1984.47076874336,1987.26603589453,1990.2216380026,1991.91250846683,1993.08841885306,1994.96569376332,1995.16107133942,1996.38797458163,1998.41960856006,1999.00238139713,1999.76180825596,2001.60506124049,2003.49343957002,2004.2410801571,2005.6340225279,2006.41904642948,2009.09060225425,2009.12229631944,2011.10627856799,2011.21395393836,2013.45728792998,2013.45730254376,NA,NA,NA,NA,NA,NA,NA,NA,NA,NA,2.54,1.98,2.13,2.33,2.12,2.35,1.78,1.95,1.79,2.39,1.97,2.29,2.27,2.17,2.26,2.01,2.28,2.19,2.18,2.12,2.25,2.09,NA,NA,NA,NA,NA,NA,NA,NA,NA,NA
R2.0034.160.1,18,37.2997,-121.6749,5.445,172.193437988393,16.587220499234,1984.32150431371,1984.34324039668,1984.38837669658,1984.46758978857,1984.62467918501,1984.895161748,1985.29037212107,1985.84337631786,1987.11499486396,1988.5155550129,1990.73025251268,1992.51082153347,1995.29453710616,1998.21149031805,2000.42939500291,2004.209556102,2008.42218972532,2013.27292015696,NA,NA,NA,NA,NA,NA,NA,NA,NA,NA,NA,NA,NA,NA,2.14,2.15,1.77,1.89,1.84,1.95,1.85,1.95,1.95,1.97,2.03,1.85,1.96,2.02,1.88,1.89,2.03,2.04,NA,NA,NA,NA,NA,NA,NA,NA,NA,NA,NA,NA,NA,NA
R2.0038.1217.1,19,36.5442,-121.1337,4.867,77.1176829172082,-1.18500560668074,1985.24113499715,1986.48882331462,1988.00378589418,1989.73243577435,1990.89443982972,1992.78084344167,1994.70752790493,1995.98225081336,1997.5720413223,1999.32674048326,2000.44775031433,2002.64668291064,2004.25538661613,2005.14617912925,2007.42886034056,2009.12889981196,2012.59515612256,2013.75891790937,2014.85830761416,NA,NA,NA,NA,NA,NA,NA,NA,NA,NA,NA,NA,NA,2.28,2.11,2.11,2.16,2.04,2.26,2.27,2.14,2.26,2.15,1.99,2.25,2.15,2.09,2.16,2.16,2.14,2.14,1.96,NA,NA,NA,NA,NA,NA,NA,NA,NA,NA,NA,NA,NA
R2.0042.2020.1,17,36.6046,-121.2159,8.721,86.9897693380653,-2.45169134064196,1986.24917343322,1987.72925688737,1988.83708412802,1990.41660711599,1992.54740235213,1995.17754874619,1996.1806319318,1997.15694669299,1998.14296410261,2000.31848457707,2002.13174769406,2003.30108491216,2006.63541955543,2008.15872676837,2009.97251181031,2012.66452103604,2013.99563041889,NA,NA,NA,NA,NA,NA,NA,NA,NA,NA,NA,NA,NA,NA,NA,2.16,2.17,2.17,2.2,2.27,2.15,2.32,2.02,1.96,2.12,2.18,2.2,2.32,2.19,2.2,2.27,2.25,NA,NA,NA,NA,NA,NA,NA,NA,NA,NA,NA,NA,NA,NA,NA
R2.0043.1657.1,19,36.618,-121.2239,4.661,88.5861936154246,-2.03344105492756,1985.85238774987,1986.46191794647,1987.52546651858,1989.53120141648,1991.427979056,1993.49863903222,1995.08726522514,1995.47778352803,1996.56583758633,1998.83203749334,2000.24936050711,2003.16861248954,2004.90341716125,2005.23813715944,2007.34307709031,2009.24940073218,2011.20755972444,2011.94221245592,2013.27355876839,NA,NA,NA,NA,NA,NA,NA,NA,NA,NA,NA,NA,NA,1.95,1.94,2.16,2.13,2,2.02,2.12,2.13,2.24,2.09,2.11,2.29,2.07,2.11,2.1,2.03,2.12,1.93,1.95,NA,NA,NA,NA,NA,NA,NA,NA,NA,NA,NA,NA,NA
R2.0044.1319.1,17,36.0301,-120.5872,4.279,1.85513625233369,-0.46715649526286,1985.33911350615,1986.69243596081,1990.82760415589,1992.26952993922,1994.03762630232,1995.75658120275,1997.77754752886,1998.80583279173,2000.69253908274,2002.14571293094,2004.21334717763,2005.0538710052,2005.74944562976,2006.5018065782,2009.0320198405,2010.5530584348,2014.92261391013,NA,NA,NA,NA,NA,NA,NA,NA,NA,NA,NA,NA,NA,NA,NA,2.24,2.14,2.22,2.21,2.23,2.27,2.3,2.12,2.35,2.26,2.33,2.21,2.26,2.21,2.27,2.27,2.19,NA,NA,NA,NA,NA,NA,NA,NA,NA,NA,NA,NA,NA,NA,NA
R2.0048.3660.0,16,36.2718,-120.8401,6.611,37.0304106791828,-0.61144046495367,1987.65044988584,1989.20560063832,1990.57847763382,1992.54065505781,1994.54265563578,1995.73409158295,1996.938099211,1998.07162490011,1999.93832867326,2001.54378437722,2004.08177416072,2005.84143504915,2007.23350798865,2008.34939906996,2010.54553111111,2013.07043363394,NA,NA,NA,NA,NA,NA,NA,NA,NA,NA,NA,NA,NA,NA,NA,NA,2.02,1.94,1.89,1.99,2.01,1.89,2.04,1.96,2.09,2.13,2.2,1.97,2.08,1.8,2.03,1.95,NA,NA,NA,NA,NA,NA,NA,NA,NA,NA,NA,NA,NA,NA,NA,NA
R2.0052.2273.0,16,36.4958,-121.0737,4.323,69.5451699269473,-0.561845835244135,1986.53020600552,1988.80214651829,1990.6494089726,1995.26924589707,1997.93709712043,1997.93812771721,2000.42404481285,2002.12355415049,2002.12367553114,2004.72176706575,2006.85832228818,2006.85987249176,2008.90946224227,2008.90946688708,2011.25296778856,2013.32303866787,NA,NA,NA,NA,NA,NA,NA,NA,NA,NA,NA,NA,NA,NA,NA,NA,2.36,2.06,2.37,2.44,2.48,1.97,2.47,2.34,2.07,2.5,2.43,2.11,2.37,2.11,2.35,2.37,NA,NA,NA,NA,NA,NA,NA,NA,NA,NA,NA,NA,NA,NA,NA,NA
R2.0053.1838.1,16,36.5855,-121.1874,6.558,83.7229710164635,-1.88160095630752,1986.03667316051,1987.16826607147,1989.13273868595,1990.60598793316,1993.51024633593,1994.44606268392,1995.30893827943,1995.98684256627,1997.26613156234,2001.58615600869,2004.49431883475,2006.47557112887,2008.32873884082,2010.59543268994,2012.02359372755,2013.8348769714,NA,NA,NA,NA,NA,NA,NA,NA,NA,NA,NA,NA,NA,NA,NA,NA,2.18,2.23,2.11,2.16,2.14,1.99,2.29,2.21,2.09,2.22,2.24,2.23,2.23,2.06,2.2,2.14,NA,NA,NA,NA,NA,NA,NA,NA,NA,NA,NA,NA,NA,NA,NA,NA
R2.0055.1433.1.0,14,36.5724,-121.165,2.547,81.3169086095407,-1.29513845123377,1985.5325160534,1986.80195257896,1988.66575948663,1990.45233112982,1992.4296272405,1994.06890418442,1995.62073203355,1997.23710559963,1999.32563624715,2001.75756955384,2003.38821826389,2005.07462057712,2007.39527414193,2009.49679956336,NA,NA,NA,NA,NA,NA,NA,NA,NA,NA,NA,NA,NA,NA,NA,NA,NA,NA,2.58,2.43,2.49,2.59,2.56,2.51,2.46,2.58,2.48,2.69,2.51,2.36,2.51,2.45,NA,NA,NA,NA,NA,NA,NA,NA,NA,NA,NA,NA,NA,NA,NA,NA,NA,NA
R2.0057.1278.1,15,36.6364,-121.2501,5.952,91.6600377057766,-2.49516676234686,1985.3049386555,1986.44926002125,1986.449434642,1987.66934143201,1991.55734917555,1994.18555993817,1996.69851874241,2000.28790652228,2000.28824368486,2002.01221381596,2003.37903489504,2006.40045296518,2009.66276850266,2013.34819510654,2013.34819782534,NA,NA,NA,NA,NA,NA,NA,NA,NA,NA,NA,NA,NA,NA,NA,NA,NA,2.27,2.34,2.55,2.18,2.3,2.57,2.26,2.26,2.37,2.72,2.27,2.57,2.24,2.23,2.41,NA,NA,NA,NA,NA,NA,NA,NA,NA,NA,NA,NA,NA,NA,NA,NA,NA
R2.0059.1104.1,17,36.8112,-121.5348,6.571,122.92728617418,-9.24585455024961,1985.08471044108,1989.55579205511,1989.9969245437,1992.09524464873,1994.72303274575,1995.48909195713,1996.35402946551,1998.31648872558,1998.66781969971,1999.84428559583,2001.42312432046,2004.37205044747,2006.9528893658,2010.03951267789,2011.16782847888,2011.68729246353,2014.91633055524,NA,NA,NA,NA,NA,NA,NA,NA,NA,NA,NA,NA,NA,NA,NA,2.13,2.2,2.18,2.2,2.26,2.23,2.12,2.06,2.17,2.17,2.2,2.12,2.2,2.15,2.4,2.01,2.23,NA,NA,NA,NA,NA,NA,NA,NA,NA,NA,NA,NA,NA,NA,NA
R2.0061.893.0,15,36.5509,-121.1401,2.286,78.0553536590636,-1.140619477722,1984.86112125645,1987.35649351788,1989.27142816147,1991.20496445681,1992.79595437981,1994.46371610287,1996.47279439669,1998.61893431697,2000.74655579589,2002.93797079877,2004.93145552804,2007.43342662988,2009.34031070935,2011.1408810404,2013.32689774543,NA,NA,NA,NA,NA,NA,NA,NA,NA,NA,NA,NA,NA,NA,NA,NA,NA,2.34,2.4,2.37,2.26,2.25,2.27,2.36,2.37,2.32,2.33,2.35,2.39,2.27,2.31,2.3,NA,NA,NA,NA,NA,NA,NA,NA,NA,NA,NA,NA,NA,NA,NA,NA,NA
R2.0063.882.1.C.1,16,36.5581,-121.1534,6.693,79.4351877682952,-1.53108460432067,1984.84961100549,1986.60826834824,1989.94412374366,1992.2389668817,1993.95330818239,1995.79112524987,1997.94707753869,1999.66537008308,2000.96070240779,2003.35262440893,2004.81152268645,2006.3346699055,2008.91901132077,2010.41625756532,2012.29718623128,2014.42436828831,NA,NA,NA,NA,NA,NA,NA,NA,NA,NA,NA,NA,NA,NA,NA,NA,2.09,2.03,1.83,2.02,1.88,2.01,2.09,2,1.99,2.11,1.99,2.04,2.13,1.86,2.02,2,NA,NA,NA,NA,NA,NA,NA,NA,NA,NA,NA,NA,NA,NA,NA,NA
R2.0064.745.1,15,36.3827,-120.9614,6.795,53.4601632727876,-0.989368395518404,1984.70665603971,1985.220877461,1988.06127068629,1990.89404986048,1992.38307151734,1994.94809661371,1997.39172217149,1999.49089000095,2001.96367317859,2004.62120469129,2005.32323727328,2007.50576050831,2009.54550774036,2012.77451576825,2013.81803421265,NA,NA,NA,NA,NA,NA,NA,NA,NA,NA,NA,NA,NA,NA,NA,NA,NA,2.55,2.41,2.55,2.53,2.41,2.59,2.58,2.56,2.55,2.53,2.46,2.41,2.41,2.55,2.44,NA,NA,NA,NA,NA,NA,NA,NA,NA,NA,NA,NA,NA,NA,NA,NA,NA
R2.0065.726.0,14,35.8554,-120.399,4.345,-23.9096675492658,0.101998603895703,1984.67993144037,1991.2716395494,1995.94271070967,2000.92232477737,2004.74241768936,2004.74435246186,2004.75954338981,2004.79123834434,2004.86959229439,2005.05821293696,2005.56446044521,2006.47527654966,2009.63773089168,2014.99544427955,NA,NA,NA,NA,NA,NA,NA,NA,NA,NA,NA,NA,NA,NA,NA,NA,NA,NA,1.93,2.24,2.21,2.32,2.52,2.33,2.44,2.11,2.22,2.28,2.18,2.21,2.28,2.07,NA,NA,NA,NA,NA,NA,NA,NA,NA,NA,NA,NA,NA,NA,NA,NA,NA,NA
R2.0066.686.1.0,14,36.2304,-120.7924,5.867,30.7545549953193,-0.29585708434152,1984.63654981247,1986.5138604062,1988.68377885202,1990.87721974759,1992.2816250721,1993.8169926224,1995.96469541064,1997.73796032946,1999.71488393201,2001.57887092149,2003.32130609621,2005.75567104357,2007.73628385433,2009.92664726788,NA,NA,NA,NA,NA,NA,NA,NA,NA,NA,NA,NA,NA,NA,NA,NA,NA,NA,2.23,2.19,2.15,2.25,2.13,2.07,2.29,2.23,2.21,2.2,2.2,2.3,2.21,2.22,NA,NA,NA,NA,NA,NA,NA,NA,NA,NA,NA,NA,NA,NA,NA,NA,NA,NA
R2.0067.658.1,15,36.5606,-121.1507,2.604,79.4901480249471,-1.16723524623165,1984.6090521333,1985.80619947203,1987.63597757674,1989.67018480467,1991.26537602327,1993.27804278158,1997.22378408073,1999.65374510781,2001.6382461406,2003.6100513261,2005.71559222032,2007.00939779966,2008.3422257365,2010.87576515728,2013.06375570903,NA,NA,NA,NA,NA,NA,NA,NA,NA,NA,NA,NA,NA,NA,NA,NA,NA,2.07,1.91,1.97,2.05,2.1,2.17,2.1,2.04,2.06,1.99,2.18,2.06,2.05,2.02,1.97,NA,NA,NA,NA,NA,NA,NA,NA,NA,NA,NA,NA,NA,NA,NA,NA,NA
R2.0072.2891.0,15,36.5883,-121.1851,4.5,83.8264096290608,-1.52351198755876,1987.39102959443,1990.8261077911,1993.97272360223,1995.42576507864,1995.42603519406,1997.27844294425,1997.27944258118,1999.46860599283,2001.42894538496,2005.25311940449,2005.25368847952,2007.88496092466,2011.18615200533,2013.00521944191,2013.00553764682,NA,NA,NA,NA,NA,NA,NA,NA,NA,NA,NA,NA,NA,NA,NA,NA,NA,2.64,2.58,2.62,2.62,2.53,2.62,2.46,2.45,2.15,2.67,2.47,2.6,2.55,2.57,2.4,NA,NA,NA,NA,NA,NA,NA,NA,NA,NA,NA,NA,NA,NA,NA,NA,NA
R2.0074.2475.0,13,36.4894,-121.0631,1.884,68.3892186808794,-0.296663014427857,1986.73629527017,1989.46947222,1991.68814476852,1993.40150131659,1993.40152872336,1996.40219028758,1999.30550306634,2001.01498989916,2001.01499569508,2003.18102652905,2006.41697951738,2009.40801165747,2012.87389681144,NA,NA,NA,NA,NA,NA,NA,NA,NA,NA,NA,NA,NA,NA,NA,NA,NA,NA,NA,2.37,2.37,2.38,1.98,2.03,2.38,2.47,2.08,2.09,2.38,2.42,2.41,2.42,NA,NA,NA,NA,NA,NA,NA,NA,NA,NA,NA,NA,NA,NA,NA,NA,NA,NA,NA
R2.0079.1524.1,15,36.4975,-121.0757,4.183,69.804950127851,-0.576514703293391,1985.66046137367,1989.30100840151,1992.73267279523,1994.11926771341,1995.66134577182,1997.05765218449,1998.66544461948,2000.13078110074,2001.84208730911,2003.68027970859,2005.56625456019,2007.4022764837,2009.19780944635,2010.87669746766,2012.76440535253,NA,NA,NA,NA,NA,NA,NA,NA,NA,NA,NA,NA,NA,NA,NA,NA,NA,1.98,2,2.04,1.79,2.02,1.82,2.12,2.04,2.05,2.07,2.1,2.09,2.02,2.03,2.03,NA,NA,NA,NA,NA,NA,NA,NA,NA,NA,NA,NA,NA,NA,NA,NA,NA
R2.0080.1378.1,15,36.0034,-120.5624,4.294,-1.85145822034891,-0.659019421963633,1985.42353437627,1989.59691890887,1991.66870077879,1994.96570864599,1996.40716799294,1998.08937542301,2000.70945298048,2002.5841327708,2005.22057005961,2006.36332516679,2007.73801171043,2009.31503559836,2011.10920076516,2013.09639945871,2014.52468527619,NA,NA,NA,NA,NA,NA,NA,NA,NA,NA,NA,NA,NA,NA,NA,NA,NA,2.07,2.55,2.39,2.53,2.46,2.46,2.62,2.51,2.65,2.62,2.62,2.58,2.59,2.53,2.47,NA,NA,NA,NA,NA,NA,NA,NA,NA,NA,NA,NA,NA,NA,NA,NA,NA
R2.0083.363.1,14,37.2881,-121.6721,1.458,171.055018169135,15.9367226477614,1984.39282780339,1985.08307885686,1986.15194761955,1988.51484574858,1990.60375547216,1992.57933682232,1995.19613493309,1997.56230809297,2000.01966553456,2002.20527710331,2005.90125619007,2008.72081323461,2011.1569137278,2014.68609530315,NA,NA,NA,NA,NA,NA,NA,NA,NA,NA,NA,NA,NA,NA,NA,NA,NA,NA,2.05,1.99,2.06,2.09,2.08,2.02,2.1,1.96,1.94,1.89,2.03,2.05,1.97,2.09,NA,NA,NA,NA,NA,NA,NA,NA,NA,NA,NA,NA,NA,NA,NA,NA,NA,NA
R2.0084.356.0,12,37.2603,-121.6427,5.878,167.015400241895,15.9055822515804,1984.38830874602,1984.49713960832,1984.83988848822,1985.62778049721,1986.42992298167,1987.43603578291,1989.2553783568,1989.31568171265,1993.93085840595,1999.75408808346,2004.46366958643,2008.63588621231,NA,NA,NA,NA,NA,NA,NA,NA,NA,NA,NA,NA,NA,NA,NA,NA,NA,NA,NA,NA,2.78,2.75,3.1,2.77,2.15,2.76,2.51,2.5,2.69,2.91,2.57,2.63,NA,NA,NA,NA,NA,NA,NA,NA,NA,NA,NA,NA,NA,NA,NA,NA,NA,NA,NA,NA
R2.0086.4060.1,12,36.8847,-121.6169,6.557,133.885928071158,-9.4986434920944,1989.9069665709,1990.71960040684,1991.75736345066,1993.14359028824,1994.17697814878,1997.46679376998,1999.50631428494,2003.94910113711,2007.08034688483,2008.91071180714,2009.9281794974,2013.97818778792,NA,NA,NA,NA,NA,NA,NA,NA,NA,NA,NA,NA,NA,NA,NA,NA,NA,NA,NA,NA,2.06,1.99,2.08,2,1.96,2.07,1.85,2.05,1.93,2,1.81,1.83,NA,NA,NA,NA,NA,NA,NA,NA,NA,NA,NA,NA,NA,NA,NA,NA,NA,NA,NA,NA
R2.0089.2723.1,12,35.9596,-120.5143,5,-8.36289510793608,-0.45766038681531,1987.08623584063,1991.16062205543,1994.84127706462,1998.81736822742,2004.75073764104,2004.81353531547,2005.02032630105,2005.15459185883,2005.48586720478,2007.03469538876,2009.32372353279,2012.52657118119,NA,NA,NA,NA,NA,NA,NA,NA,NA,NA,NA,NA,NA,NA,NA,NA,NA,NA,NA,NA,2.13,2.13,2.07,2.25,2.25,2.25,1.94,1.95,1.96,2.19,2.14,2.09,NA,NA,NA,NA,NA,NA,NA,NA,NA,NA,NA,NA,NA,NA,NA,NA,NA,NA,NA,NA
R2.0090.2696.1,15,36.4702,-121.0476,5.103,65.8657406307234,-0.614666630332529,1985.01847797089,1987.04405965975,1989.16560022768,1990.50285101852,1992.67587101896,1994.85177483701,1996.70861640166,2000.50239846058,2002.67728435883,2003.76817903412,2006.19423753837,2008.27807250272,2009.89634200406,2012.13442877675,2014.30700453355,NA,NA,NA,NA,NA,NA,NA,NA,NA,NA,NA,NA,NA,NA,NA,NA,NA,2.06,2.12,1.9,2.06,2.07,1.93,2.08,2.04,2.07,2.28,2.12,2.1,2.07,2.1,2.08,NA,NA,NA,NA,NA,NA,NA,NA,NA,NA,NA,NA,NA,NA,NA,NA,NA
R2.0091.2171.0,13,36.6173,-121.2252,6.124,88.6023810582207,-2.17236405551662,1986.42199180968,1986.42214041159,1988.3960163245,1993.91784236555,1995.30918776478,1995.30942649195,1999.49250903349,2001.99477663654,2001.99626200184,2004.91657191326,2004.91812613306,2010.56435837963,2014.69530250507,NA,NA,NA,NA,NA,NA,NA,NA,NA,NA,NA,NA,NA,NA,NA,NA,NA,NA,NA,2.78,3.2,2.52,2.65,2.67,3.27,2.61,2.78,3.02,2.57,2.96,2.57,2.52,NA,NA,NA,NA,NA,NA,NA,NA,NA,NA,NA,NA,NA,NA,NA,NA,NA,NA,NA
R2.0092.2164.1,12,36.6388,-121.2562,6.282,92.2164708520469,-2.73800807476275,1986.41958980911,1988.30744800774,1991.90170141584,1995.83859608606,1997.48755894692,1999.43036170472,2001.9970653079,2002.53896747146,2005.6503283549,2005.65108358099,2008.27704696449,2013.83981654966,NA,NA,NA,NA,NA,NA,NA,NA,NA,NA,NA,NA,NA,NA,NA,NA,NA,NA,NA,NA,2.09,1.94,2.06,2.06,2.06,1.9,2.16,2.1,2.04,1.62,1.97,2.01,NA,NA,NA,NA,NA,NA,NA,NA,NA,NA,NA,NA,NA,NA,NA,NA,NA,NA,NA,NA
R2.0093.1981.1,13,36.6007,-121.202,2.366,85.8543504238072,-1.78453623652308,1986.17700875,1987.8757630359,1990.16378890823,1991.61180395294,1993.66772453799,1995.48233961251,1996.65696776083,1998.69907814751,2000.91222088267,2003.10713524956,2005.55921598427,2010.10125150812,2012.50219111073,NA,NA,NA,NA,NA,NA,NA,NA,NA,NA,NA,NA,NA,NA,NA,NA,NA,NA,NA,2.01,1.98,1.93,1.88,1.95,2.09,2.04,2,2.02,2.01,2.09,1.95,1.86,NA,NA,NA,NA,NA,NA,NA,NA,NA,NA,NA,NA,NA,NA,NA,NA,NA,NA,NA
R2.0094.1716.0,13,36.4144,-120.993,6.976,57.9766988519771,-0.881067173146562,1985.90539162418,1988.62297323448,1989.44038437976,1992.00658172656,1992.96830741531,1995.60788299182,1997.62323251427,2000.69784957815,2004.58445132469,2007.67351941115,2008.43082039124,2011.37736630232,2013.60310219559,NA,NA,NA,NA,NA,NA,NA,NA,NA,NA,NA,NA,NA,NA,NA,NA,NA,NA,NA,2.98,2.89,2.71,2.84,2.86,2.76,2.99,2.9,3.02,2.88,2.59,2.85,2.94,NA,NA,NA,NA,NA,NA,NA,NA,NA,NA,NA,NA,NA,NA,NA,NA,NA,NA,NA
R2.0095.1699.1,13,36.5662,-121.1578,2.649,80.3752712645924,-1.24938172317079,1985.89705875729,1987.42926899195,1990.68487334697,1993.2721761054,1995.89233736587,1997.89594882801,1999.86810777175,2002.18317891553,2004.74500354496,2007.37636188927,2009.45615255676,2012.23776245573,2013.84406534912,NA,NA,NA,NA,NA,NA,NA,NA,NA,NA,NA,NA,NA,NA,NA,NA,NA,NA,NA,2.97,2.86,3.01,3,3.01,2.94,2.82,2.92,2.92,2.92,2.78,2.92,2.65,NA,NA,NA,NA,NA,NA,NA,NA,NA,NA,NA,NA,NA,NA,NA,NA,NA,NA,NA
R2.0098.1291.1,13,36.5522,-121.143,2.135,78.3333895236167,-1.24517132902394,1985.31245342973,1986.78588225362,1989.31462410071,1991.82879805175,1994.22333519882,1996.56440371161,1998.73033219432,2000.82404731614,2003.50335251712,2005.33434013921,2007.4345340931,2010.1066986777,2012.57716569236,NA,NA,NA,NA,NA,NA,NA,NA,NA,NA,NA,NA,NA,NA,NA,NA,NA,NA,NA,1.85,1.8,2.09,2.03,2.09,2.16,2.15,2.06,2.15,1.93,2.11,2.1,1.97,NA,NA,NA,NA,NA,NA,NA,NA,NA,NA,NA,NA,NA,NA,NA,NA,NA,NA,NA
R2.0100.1033.1,12,36.3851,-120.9643,6.604,53.8315520252486,-1.01602223641051,1985.01740087107,1987.0821661536,1990.12972835236,1993.29332733796,1995.80630136447,1998.15702626173,1999.71244659881,2002.19531626871,2004.65411199593,2006.98438213439,2009.26070913749,2012.6610715088,NA,NA,NA,NA,NA,NA,NA,NA,NA,NA,NA,NA,NA,NA,NA,NA,NA,NA,NA,NA,2.4,2.4,2.37,2.34,2.44,2.38,2.39,2.39,2.4,2.48,2.4,2.39,NA,NA,NA,NA,NA,NA,NA,NA,NA,NA,NA,NA,NA,NA,NA,NA,NA,NA,NA,NA
R2.0101.964.1,13,36.566,-121.1564,3.292,80.2772171177391,-1.16822781392121,1984.94953648838,1986.94940295345,1989.3331754414,1990.94243549784,1993.03218116026,1995.12073854579,1996.66421854255,1999.88999564307,2003.74482268836,2006.47470442161,2008.59980756299,2010.97240994165,2014.9841729674,NA,NA,NA,NA,NA,NA,NA,NA,NA,NA,NA,NA,NA,NA,NA,NA,NA,NA,NA,2.2,2.13,2.15,2.04,2.21,2.15,2.15,2.13,2.2,2.18,2.19,2.09,2.07,NA,NA,NA,NA,NA,NA,NA,NA,NA,NA,NA,NA,NA,NA,NA,NA,NA,NA,NA
R2.0101.964.2,16,36.567,-121.1576,3.369,80.4313396283931,-1.17825891312134,1984.34302788941,1986.17670534405,1987.47904263413,1989.32303582319,1991.92496074201,1995.25947897609,1996.30676782154,1997.6534524258,1999.30928580892,2002.57455400939,2005.16527489663,2006.50364281456,2008.21583557447,2012.00351674541,2013.4409349036,2014.98199278412,NA,NA,NA,NA,NA,NA,NA,NA,NA,NA,NA,NA,NA,NA,NA,NA,2.02,2.06,2.02,2.09,2.02,2.03,2.03,2.13,2.09,2.02,2.15,1.97,2.11,2.06,1.96,1.95,NA,NA,NA,NA,NA,NA,NA,NA,NA,NA,NA,NA,NA,NA,NA,NA
R2.0104.672.1,12,36.5886,-121.186,4.337,83.9039398172241,-1.56332549999901,1984.62272749886,1986.2232253301,1987.76154958492,1990.88536336917,1993.80628322393,1995.30960470161,1995.96786110794,1997.8600687871,2000.34030011637,2005.25336100108,2007.88609808346,2013.00541756437,NA,NA,NA,NA,NA,NA,NA,NA,NA,NA,NA,NA,NA,NA,NA,NA,NA,NA,NA,NA,2.12,2.2,2.04,2.06,2.02,2.19,2.22,2.12,2.04,2.27,2.21,2.13,NA,NA,NA,NA,NA,NA,NA,NA,NA,NA,NA,NA,NA,NA,NA,NA,NA,NA,NA,NA
R2.0105.591.1,12,36.5392,-121.1307,8.07,76.5208453429092,-1.33932076022325,1984.56498718345,1986.46024137684,1988.40677087697,1990.79175576928,1993.27106089136,1996.9656817,1999.93446595003,2002.78682958111,2004.83686657306,2007.07914675133,2009.9172517488,2011.78308631564,NA,NA,NA,NA,NA,NA,NA,NA,NA,NA,NA,NA,NA,NA,NA,NA,NA,NA,NA,NA,2.01,2.02,1.89,1.8,2.02,2.01,2.08,2.06,2.05,2.09,1.99,2.04,NA,NA,NA,NA,NA,NA,NA,NA,NA,NA,NA,NA,NA,NA,NA,NA,NA,NA,NA,NA
R2.0107.381.1,12,36.4782,-121.057,6.931,67.0876925998092,-0.683362882279326,1984.40581254554,1986.07610231703,1988.07815112926,1991.15691059202,1996.67748441453,1998.74862982813,2000.43720701876,2002.18938380866,2004.24251225682,2006.38818283961,2008.77664366493,2010.15654783612,NA,NA,NA,NA,NA,NA,NA,NA,NA,NA,NA,NA,NA,NA,NA,NA,NA,NA,NA,NA,2.15,2.05,2.05,1.98,2.11,2.08,2.02,2.17,2.05,2.16,2.34,2.15,NA,NA,NA,NA,NA,NA,NA,NA,NA,NA,NA,NA,NA,NA,NA,NA,NA,NA,NA,NA
R2.0110.3530.2,14,36.8192,-121.542,5.804,124.0195123297,-9.15641814221705,1988.88610592966,1988.88651386169,1990.7722522292,1990.77226493404,1993.5774422032,1999.17937846588,2000.33535453761,2001.8315277486,2004.39906831107,2004.41216870541,2006.43346397514,2009.2445649648,2011.33532233796,2014.92445309075,NA,NA,NA,NA,NA,NA,NA,NA,NA,NA,NA,NA,NA,NA,NA,NA,NA,NA,1.83,2.29,2.24,2.24,2.09,2.32,1.85,2.31,2.29,2.21,2.22,2.11,2,2.23,NA,NA,NA,NA,NA,NA,NA,NA,NA,NA,NA,NA,NA,NA,NA,NA,NA,NA
R2.0113.3155.1,13,36.623,-121.2333,5.688,89.5536901378617,-2.31441491023391,1986.44334807965,1988.0570157711,1990.38617983701,1992.39288675559,1994.26724721398,1995.31999263984,1998.00828304921,1999.91877334951,2003.10641576611,2005.14239186929,2008.17362734264,2011.39332280822,2013.26834499207,NA,NA,NA,NA,NA,NA,NA,NA,NA,NA,NA,NA,NA,NA,NA,NA,NA,NA,NA,2.02,2.01,2,2.05,1.92,1.97,2.15,1.99,2.07,2,2.21,2.07,1.99,NA,NA,NA,NA,NA,NA,NA,NA,NA,NA,NA,NA,NA,NA,NA,NA,NA,NA,NA
R2.0114.2861.1,12,36.8049,-121.5292,6.821,122.071186155791,-9.3209374817575,1987.32691492897,1990.67557707319,1992.86171565947,1995.9811139206,1998.40520935597,1998.48777013382,1999.15366092149,2001.76604586219,2004.94406068009,2006.63712259228,2011.03731540081,2012.69073954096,NA,NA,NA,NA,NA,NA,NA,NA,NA,NA,NA,NA,NA,NA,NA,NA,NA,NA,NA,NA,1.95,1.98,1.78,2.21,2,2.02,1.96,2.16,2.05,1.89,2.07,1.93,NA,NA,NA,NA,NA,NA,NA,NA,NA,NA,NA,NA,NA,NA,NA,NA,NA,NA,NA,NA
R2.0119.2226.1,12,36.4755,-121.0503,4.001,66.4708712888297,-0.419014475891018,1986.46340103659,1989.16834735857,1991.604877233,1993.66300237189,1996.61250252479,1999.51051701135,2001.67624518265,2004.07516450744,2006.03243494007,2009.83297521055,2012.09074843971,2014.62178133086,NA,NA,NA,NA,NA,NA,NA,NA,NA,NA,NA,NA,NA,NA,NA,NA,NA,NA,NA,NA,2.18,2.16,2.05,2.1,2.17,2.14,2.13,2.19,2.16,2.11,2.08,2.1,NA,NA,NA,NA,NA,NA,NA,NA,NA,NA,NA,NA,NA,NA,NA,NA,NA,NA,NA,NA
R2.0122.2051.1,12,36.5717,-121.1646,2.55,81.2345270250619,-1.31814673807086,1986.28304357369,1990.09608320301,1991.3134294584,1993.93388929446,1995.81799877347,1996.52926182358,1999.11048804446,2000.37657021131,2006.8013870012,2008.63538787885,2011.45415309075,2012.93761411278,NA,NA,NA,NA,NA,NA,NA,NA,NA,NA,NA,NA,NA,NA,NA,NA,NA,NA,NA,NA,2.3,2.06,2.32,2.34,2.24,1.99,2.34,2.2,2.38,2.31,1.95,2.35,NA,NA,NA,NA,NA,NA,NA,NA,NA,NA,NA,NA,NA,NA,NA,NA,NA,NA,NA,NA
R2.0123.1843.1,12,36.5744,-121.17,5.839,81.7758355043444,-1.49251960175499,1986.03771405758,1988.26908479179,1991.27245914225,1993.77981465944,1995.47631181761,1997.45467682204,1999.29513832223,2001.73868475552,2004.66930774008,2007.7202301094,2010.46615169203,2014.01549969051,NA,NA,NA,NA,NA,NA,NA,NA,NA,NA,NA,NA,NA,NA,NA,NA,NA,NA,NA,NA,2.43,2.33,2.39,2.46,2.38,2.28,2.36,2.33,2.37,2.35,2.32,2.34,NA,NA,NA,NA,NA,NA,NA,NA,NA,NA,NA,NA,NA,NA,NA,NA,NA,NA,NA,NA
R2.0127.1129.0,12,36.8211,-121.5477,6.564,124.51048458457,-9.40558082926226,1985.11849060217,1988.86509309002,1991.52387707319,1992.84010114982,1995.73882627537,1998.34638566337,2000.0172393898,2002.67292739346,2006.17038731291,2009.28607525717,2012.03455525387,2014.9590692025,NA,NA,NA,NA,NA,NA,NA,NA,NA,NA,NA,NA,NA,NA,NA,NA,NA,NA,NA,NA,2.27,2,2.32,2.1,2.32,2.33,2.3,2.3,2.29,2.33,2.06,2.27,NA,NA,NA,NA,NA,NA,NA,NA,NA,NA,NA,NA,NA,NA,NA,NA,NA,NA,NA,NA
R2.0130.865.1,12,36.6855,-121.3132,4.037,99.4663087043276,-3.25752214640443,1984.83556807769,1990.0363395494,1990.99058840658,1993.66121375159,1996.23292115557,1998.34665389904,2001.50430152175,2003.3730924166,2006.55520822774,2009.10400992295,2010.84125216641,2014.61224257801,NA,NA,NA,NA,NA,NA,NA,NA,NA,NA,NA,NA,NA,NA,NA,NA,NA,NA,NA,NA,1.95,1.99,1.92,1.94,1.92,1.97,2.02,2.06,1.98,1.96,1.93,1.95,NA,NA,NA,NA,NA,NA,NA,NA,NA,NA,NA,NA,NA,NA,NA,NA,NA,NA,NA,NA
R2.0136.498.1,12,36.536,-121.125,5.583,75.9197813421165,-1.17998583685502,1984.50930122318,1988.72208359612,1990.27254014269,1994.14237265348,1995.92924739726,1997.03648810756,2000.89098254022,2004.71786196209,2005.85594305936,2009.6380041933,2011.95757526319,2013.85232530156,NA,NA,NA,NA,NA,NA,NA,NA,NA,NA,NA,NA,NA,NA,NA,NA,NA,NA,NA,NA,2,1.98,1.88,2.02,1.96,1.9,2.08,2.03,1.79,1.89,1.95,1.96,NA,NA,NA,NA,NA,NA,NA,NA,NA,NA,NA,NA,NA,NA,NA,NA,NA,NA,NA,NA
R2.0156.2072.1,12,36.4687,-121.0476,6.925,65.7387580101421,-0.722288143754469,1986.30545987158,1988.58276055644,1990.60849270104,1994.47410045345,1997.14632492675,1999.29608887874,2002.02539373541,2004.63105810217,2007.62120179065,2010.07762214453,2012.94354520087,2014.71150715214,NA,NA,NA,NA,NA,NA,NA,NA,NA,NA,NA,NA,NA,NA,NA,NA,NA,NA,NA,NA,2.24,2.32,2.22,2.47,2.38,2.24,2.37,2.36,2.35,2.25,2.25,2.21,NA,NA,NA,NA,NA,NA,NA,NA,NA,NA,NA,NA,NA,NA,NA,NA,NA,NA,NA,NA
R2.0223.458.3,15,36.1043,-120.6797,2.523,13.5196344932958,-1.55120574865104,1984.46820146036,1986.34396651351,1990.83692961029,1992.70510266172,1995.0699166562,1997.42684567542,1999.57216115519,2001.69947700691,2003.47997853786,2005.15761514777,2006.54106761637,2008.33312384702,2010.18790646341,2011.86398792364,2014.1387476354,NA,NA,NA,NA,NA,NA,NA,NA,NA,NA,NA,NA,NA,NA,NA,NA,NA,2.07,1.95,1.98,1.87,2.06,1.91,1.92,2.04,1.92,1.95,2.01,2.05,1.94,1.88,1.92,NA,NA,NA,NA,NA,NA,NA,NA,NA,NA,NA,NA,NA,NA,NA,NA,NA
R2.0250.4454.0.C,12,36.035,-120.589,7.643,2.37588172095851,-0.241854123840337,1990.31338297248,1992.51520927855,1996.1521391678,1996.81400475928,2000.48541031737,2003.56229701104,2004.77550396112,2005.18798259989,2006.34552042903,2008.95489575681,2011.13567101376,2014.38578387081,NA,NA,NA,NA,NA,NA,NA,NA,NA,NA,NA,NA,NA,NA,NA,NA,NA,NA,NA,NA,2.29,2.27,2.39,2.13,2.37,2.46,2.38,2.4,2.35,2.4,2.4,2.38,NA,NA,NA,NA,NA,NA,NA,NA,NA,NA,NA,NA,NA,NA,NA,NA,NA,NA,NA,NA
R2.0657.3369.1.C,12,37.4779,-121.8304,7.478,196.167712672115,19.0453112337967,1985.86407288623,1988.53798640837,1997.05851633403,1998.80549159976,2003.10528701135,2005.41675294647,2007.63176937532,2009.40449630866,2009.40452710268,2009.40502540303,2010.68531640538,2012.23868160829,NA,NA,NA,NA,NA,NA,NA,NA,NA,NA,NA,NA,NA,NA,NA,NA,NA,NA,NA,NA,2.13,2.12,2.03,2.23,2,2.44,1.96,2.02,1.75,2.12,2.07,1.9,NA,NA,NA,NA,NA,NA,NA,NA,NA,NA,NA,NA,NA,NA,NA,NA,NA,NA,NA,NA
R3.643.1,12,36.198,-120.7609,7.568,26.1799826903402,-0.446588057829352,1984.59930475106,1986.38123488077,1988.58464322474,1991.35486968385,1994.81516020453,1997.96262544235,2000.28837837229,2002.46117411688,2004.61370049395,2006.48717776541,2009.63502541191,2013.84810905917,NA,NA,NA,NA,NA,NA,NA,NA,NA,NA,NA,NA,NA,NA,NA,NA,NA,NA,NA,NA,2.82,2.98,3.04,3.06,3.11,3.07,2.82,3.03,2.72,3.02,2.95,2.92,NA,NA,NA,NA,NA,NA,NA,NA,NA,NA,NA,NA,NA,NA,NA,NA,NA,NA,NA,NA
R3.6440.1.C,13,36.8115,-121.5393,7.061,123.213755763024,-9.52924988614468,1989.3793138946,1989.55920440164,1989.55926180048,1994.41435795916,1995.44343412861,1995.98156901414,1998.88088398592,2000.22309756818,2001.60746816052,2006.46206485762,2010.97513926211,2011.1677570605,2014.39220851757,NA,NA,NA,NA,NA,NA,NA,NA,NA,NA,NA,NA,NA,NA,NA,NA,NA,NA,NA,3.13,3.2,3.2,3.11,3.3,3.38,2.85,3.28,3.26,3.04,3.31,3.41,2.82,NA,NA,NA,NA,NA,NA,NA,NA,NA,NA,NA,NA,NA,NA,NA,NA,NA,NA,NA
